#   lat     lng  temp,C     %hum    mps     dir    mmHg    Wx           TZ
    -90    -180   -31.6    83.0     0.0    94.0  1002.0 Clouds          46800
    -86    -180   -28.2    86.0     4.6   134.0   997.0 Clouds          -43200
    -82    -180    -9.6    84.0     6.1   149.0   982.0 Clouds          -43200
    -78    -180    -1.6    98.0     2.4   110.0   972.0 Clouds          -43200
    -74    -180    -0.2    89.0     5.2   193.0   969.0 Clouds          -43200
    -70    -180    -1.9    70.0     9.5   231.0   977.0 Clouds          -43200
    -66    -180     0.0    89.0     4.1    47.0   975.0 Snow            -43200
    -62    -180     2.6    73.0     5.7   230.0   979.0 Clouds          -43200
    -58    -180     5.6    72.0     5.5   213.0   981.0 Clouds          -43200
    -54    -180     6.5    85.0    18.6   224.0   982.0 Rain            -43200
    -50    -180    11.0    83.0    15.5   265.0   997.0 Rain            -43200
    -46    -180    13.7    88.0     6.5   276.0  1008.0 Clouds          -43200
    -42    -180    18.7    91.0     7.2   337.0  1010.0 Clear           -43200
    -38    -180    20.3    85.0     8.1   341.0  1012.0 Clear           -43200
    -34    -180    21.7    82.0     3.2    77.0  1013.0 Clouds          -43200
    -30    -180    24.7    87.0     3.3    94.0  1012.0 Clear           46800
    -26    -180    25.9    90.0     5.2   122.0  1010.0 Clouds          -43200
    -22    -180    27.1    79.0     6.8   139.0  1008.0 Clouds          -43200
    -18    -180    28.7    75.0     3.3   133.0  1007.0 Rain            43200
    -14    -180    28.1    76.0     3.1   273.0  1008.0 Rain            43200
    -10    -180    27.2    80.0     7.4   326.0  1009.0 Clouds          43200
     -6    -180    25.8    82.0     8.4    11.0  1011.0 Rain            -43200
     -2    -180    27.9    77.0     7.3    68.0  1011.0 Clouds          -43200
      2    -180    27.4    79.0     5.6    81.0  1011.0 Clouds          -43200
      6    -180    27.7    79.0    10.5    69.0  1012.0 Rain            -43200
     10    -180    27.2    79.0    10.3    73.0  1013.0 Clouds          -43200
     14    -180    26.3    82.0     7.9    91.0  1015.0 Clouds          -43200
     18    -180    26.1    75.0     5.4   101.0  1017.0 Clouds          -43200
     22    -180    24.5    80.0     3.0   138.0  1018.0 Rain            -43200
     26    -180    22.7    78.0     6.4   223.0  1017.0 Clear           -43200
     30    -180    18.6    89.0    10.2   223.0  1013.0 Rain            -43200
     34    -180    15.7    85.0    11.1   254.0  1007.0 Rain            -43200
     38    -180    12.0    77.0    18.9   253.0   998.0 Rain            -43200
     42    -180     9.8    85.0     6.4   280.0   978.0 Clouds          -43200
     46    -180     5.1    87.0    16.6    85.0   994.0 Rain            -43200
     50    -180     2.8    73.0    12.0   105.0  1006.0 Clouds          -36000
     54    -180     2.2    77.0    12.1   150.0  1012.0 Rain            -43200
     58    -180     1.9    77.0     7.3   156.0  1015.0 Rain            -43200
     62    -180    -3.0    89.0    11.8    99.0  1018.0 Snow            43200
     66    -180   -28.9    94.0     1.9   325.0  1025.0 Clouds          -43200
     70    -180   -20.4    95.0     4.3    41.0  1026.0 Clouds          -43200
     74    -180   -18.0    89.0     5.0    33.0  1034.0 Clouds          -43200
     78    -180   -33.9   100.0     2.6    16.0  1040.0 Clear           -43200
     82    -180   -34.0    99.0     3.6   275.0  1038.0 Clouds          -43200
     86    -180   -27.9    97.0     5.8   277.0  1031.0 Clouds          -43200
     90    -180   -21.1   100.0     0.0   107.0  1024.0 Clouds          0

    -90    -175   -31.6    83.0     0.0    94.0  1002.0 Clouds          46800
    -86    -175   -28.3    86.0     4.9   127.0   996.0 Clouds          46800
    -82    -175   -10.0    84.0     5.5   146.0   981.0 Clouds          46800
    -78    -175    -1.0    96.0     3.5    88.0   972.0 Clouds          46800
    -74    -175    -1.6    95.0     3.7    97.0   968.0 Clouds          -43200
    -70    -175    -2.0    84.0    10.3   243.0   975.0 Clouds          -43200
    -66    -175    -0.7    65.0     1.8    75.0   978.0 Clouds          -43200
    -62    -175     2.2    84.0     4.6   249.0   979.0 Clouds          -43200
    -58    -175     5.1    85.0     6.0    18.0   980.0 Rain            -43200
    -54    -175     9.6    90.0    11.7   301.0   980.0 Rain            -43200
    -50    -175    11.4    90.0    16.2   287.0   995.0 Rain            -43200
    -46    -175    14.3    81.0    10.9   284.0  1007.0 Clouds          -43200
    -42    -175    17.7    77.0     7.0   321.0  1013.0 Clouds          -43200
    -38    -175    19.8    71.0     4.2    14.0  1015.0 Clear           -43200
    -34    -175    21.8    78.0     4.8    79.0  1013.0 Clear           -43200
    -30    -175    25.0    91.0     5.1   100.0  1011.0 Clear           -43200
    -26    -175    26.9    88.0     3.5   106.0  1009.0 Clouds          -43200
    -22    -175    28.2    84.0     7.6   127.0  1006.0 Rain            46800
    -18    -175    29.1    76.0     6.5   301.0  1006.0 Clouds          46800
    -14    -175    28.0    80.0    11.1   334.0  1009.0 Rain            43200
    -10    -175    27.1    76.0    10.9   337.0  1011.0 Clouds          -43200
     -6    -175    28.0    74.0     7.1    12.0  1012.0 Clouds          46800
     -2    -175    27.3    77.0     5.0    71.0  1012.0 Clouds          46800
      2    -175    26.5    84.0     4.8    78.0  1012.0 Rain            -43200
      6    -175    27.4    81.0     9.3    62.0  1012.0 Clouds          -43200
     10    -175    26.8    74.0     9.4    73.0  1014.0 Clouds          -43200
     14    -175    26.2    79.0     9.0    71.0  1015.0 Clouds          -43200
     18    -175    25.6    74.0     6.5   107.0  1017.0 Clouds          -43200
     22    -175    23.7    76.0     3.1   101.0  1019.0 Clear           -43200
     26    -175    21.7    70.0     4.8   231.0  1018.0 Clear           -36000
     30    -175    19.8    85.0     9.2   225.0  1015.0 Clouds          -43200
     34    -175    16.6    92.0    11.2   241.0  1008.0 Clouds          -43200
     38    -175    14.4    71.0    15.6   248.0  1000.0 Clear           -43200
     42    -175    10.6    80.0    14.3   234.0   988.0 Rain            -43200
     46    -175     4.6    76.0    16.0    84.0   997.0 Clouds          -43200
     50    -175     1.8    59.0    10.7    83.0  1009.0 Clouds          -43200
     54    -175    -0.0    60.0     7.9    77.0  1016.0 Clouds          -43200
     58    -175    -0.4    64.0     5.5   150.0  1019.0 Clouds          -43200
     62    -175   -12.2    97.0     2.4    41.0  1021.0 Clear           -43200
     66    -175   -29.4   100.0     1.2   285.0  1024.0 Clouds          43200
     70    -175   -20.6    95.0     5.8    29.0  1023.0 Clouds          43200
     74    -175   -20.2    93.0     5.1    34.0  1033.0 Clouds          -43200
     78    -175   -33.4   100.0     3.0    16.0  1039.0 Clear           -43200
     82    -175   -33.3   100.0     3.8   282.0  1037.0 Clouds          -43200
     86    -175   -26.9    97.0     6.0   284.0  1030.0 Clouds          -43200
     90    -175   -21.1   100.0     0.0   107.0  1024.0 Clouds          0

    -90    -170   -31.6    83.0     0.0    94.0  1002.0 Clouds          46800
    -86    -170   -29.6    85.0     2.4   263.0   999.0 Clouds          46800
    -82    -170    -9.4    87.0     5.0   140.0   981.0 Clouds          46800
    -78    -170    -1.0    98.0     4.9    73.0   973.0 Snow            46800
    -74    -170    -1.4    95.0     3.3    36.0   969.0 Clouds          -39600
    -70    -170    -1.9    80.0     7.6   270.0   973.0 Clouds          -39600
    -66    -170    -0.7    70.0     4.7   213.0   978.0 Clouds          -39600
    -62    -170     1.2    70.0     4.5   209.0   979.0 Clouds          -39600
    -58    -170     4.4    65.0     4.8   223.0   981.0 Clouds          -39600
    -54    -170     8.5    75.0     7.1   278.0   985.0 Clear           -39600
    -50    -170    11.7    83.0    14.4   274.0   994.0 Rain            -39600
    -46    -170    14.0    79.0    12.6   271.0  1006.0 Clouds          -39600
    -42    -170    17.0    71.0     7.7   262.0  1013.0 Clouds          -39600
    -38    -170    18.6    62.0     0.7    36.0  1015.0 Clear           -39600
    -34    -170    21.9    86.0     6.2   112.0  1013.0 Clouds          -39600
    -30    -170    25.2    88.0     3.9    71.0  1011.0 Clouds          -39600
    -26    -170    27.0    90.0     5.6    48.0  1011.0 Rain            -39600
    -22    -170    27.8    88.0    11.4    20.0  1009.0 Rain            -39600
    -18    -170    27.8    83.0    13.3     2.0  1010.0 Rain            -39600
    -14    -170    27.6    80.0    11.6   359.0  1011.0 Rain            -39600
    -10    -170    28.3    74.0     9.2     4.0  1013.0 Rain            46800
     -6    -170    27.8    67.0     6.8    48.0  1013.0 Clouds          46800
     -2    -170    26.8    75.0     9.3    83.0  1012.0 Clouds          46800
      2    -170    26.5    82.0     8.3    99.0  1012.0 Rain            -39600
      6    -170    27.1    81.0    10.1    76.0  1012.0 Rain            -39600
     10    -170    26.5    79.0     9.6    70.0  1014.0 Clouds          -39600
     14    -170    26.7    65.0     8.3    90.0  1016.0 Clouds          -39600
     18    -170    25.4    75.0     6.7    88.0  1017.0 Clear           -36000
     22    -170    23.2    78.0     3.4    76.0  1019.0 Clouds          -39600
     26    -170    21.4    68.0     5.0   199.0  1018.0 Clouds          -36000
     30    -170    18.4    88.0     7.8   215.0  1016.0 Clouds          -39600
     34    -170    16.7    90.0    13.0   226.0  1010.0 Clouds          -39600
     38    -170    15.0    85.0    14.7   250.0  1002.0 Rain            -39600
     42    -170    10.9    96.0     9.2   191.0   993.0 Rain            -39600
     46    -170     4.2    70.0    11.9    90.0  1002.0 Clouds          -39600
     50    -170     1.0    58.0     6.7    63.0  1009.0 Clouds          -39600
     54    -170    -0.8    59.0    11.9    33.0  1013.0 Clouds          -36000
     58    -170    -6.2    63.0    10.2     4.0  1018.0 Clear           -32400
     62    -170   -12.5    93.0     5.1   338.0  1019.0 Clouds          -32400
     66    -170   -17.0    93.0     3.5   334.0  1019.0 Clouds          43200
     70    -170   -20.3    96.0     6.3    30.0  1021.0 Clouds          -39600
     74    -170   -19.3    93.0     6.2    33.0  1031.0 Clouds          -39600
     78    -170   -31.9   100.0     3.2    19.0  1038.0 Clouds          -39600
     82    -170   -32.8   100.0     4.2   286.0  1037.0 Clouds          -39600
     86    -170   -25.6    98.0     6.3   290.0  1029.0 Clouds          -39600
     90    -170   -21.1   100.0     0.0   107.0  1024.0 Clouds          0

    -90    -165   -31.6    83.0     0.0    94.0  1002.0 Clouds          46800
    -86    -165   -26.4    79.0     4.4   296.0   996.0 Clouds          46800
    -82    -165    -8.3    89.0     4.3   134.0   980.0 Clouds          46800
    -78    -165    -0.8    97.0     9.9    47.0   974.0 Snow            46800
    -74    -165    -2.0    95.0     3.5    36.0   970.0 Clouds          -39600
    -70    -165    -1.1    67.0     5.1   269.0   973.0 Clouds          -39600
    -66    -165    -0.9    72.0     7.2   197.0   976.0 Clouds          -39600
    -62    -165     1.0    78.0     8.6   194.0   976.0 Clouds          -39600
    -58    -165     4.3    69.0     8.5   225.0   978.0 Clouds          -39600
    -54    -165     7.9    79.0    10.5   240.0   984.0 Clear           -39600
    -50    -165    11.5    79.0    10.6   265.0   993.0 Clouds          -39600
    -46    -165    14.0    77.0    12.4   271.0  1004.0 Clouds          -39600
    -42    -165    16.7    74.0     7.8   276.0  1011.0 Rain            -39600
    -38    -165    18.5    60.0     0.4   338.0  1015.0 Clouds          -39600
    -34    -165    21.6    86.0     6.0    87.0  1013.0 Clouds          -39600
    -30    -165    22.7    86.0     6.5    46.0  1012.0 Clouds          -39600
    -26    -165    26.5    87.0     5.1   352.0  1013.0 Rain            -39600
    -22    -165    27.7    84.0     7.5    16.0  1013.0 Clouds          -39600
    -18    -165    27.7    77.0     7.7   347.0  1013.0 Rain            -36000
    -14    -165    25.3    87.0     4.1     8.0  1014.0 Rain            -39600
    -10    -165    27.7    78.0     6.6    48.0  1013.0 Rain            -36000
     -6    -165    27.2    75.0     8.7    63.0  1013.0 Clouds          -39600
     -2    -165    26.3    78.0     9.3    81.0  1013.0 Clouds          -39600
      2    -165    26.3    80.0     8.4   102.0  1012.0 Rain            -39600
      6    -165    27.3    81.0     9.6    79.0  1012.0 Rain            -39600
     10    -165    26.6    78.0     9.4    77.0  1014.0 Clouds          -39600
     14    -165    25.8    80.0     8.8    76.0  1016.0 Clear           -39600
     18    -165    25.4    71.0     6.2    82.0  1018.0 Clear           -39600
     22    -165    23.1    69.0     4.5    66.0  1019.0 Clear           -36000
     26    -165    20.9    64.0     3.3   153.0  1020.0 Clear           -39600
     30    -165    18.5    85.0     6.0   214.0  1019.0 Clouds          -39600
     34    -165    16.1    90.0    12.6   226.0  1013.0 Clouds          -39600
     38    -165    14.4    91.0    14.8   245.0  1003.0 Rain            -39600
     42    -165     8.6    71.0     9.2   138.0  1003.0 Clouds          -39600
     46    -165     3.8    63.0     3.5   103.0  1006.0 Clouds          -39600
     50    -165     1.5    93.0     8.7    31.0  1007.0 Snow            -39600
     54    -165    -0.5    71.0     4.4    16.0  1009.0 Clouds          -32400
     58    -165    -7.3    92.0     8.0   352.0  1013.0 Clouds          -39600
     62    -165   -12.9    95.0     6.2   326.0  1014.0 Clouds          -32400
     66    -165   -15.4    96.0     3.6   267.0  1017.0 Snow            -32400
     70    -165   -19.4    97.0     5.3    71.0  1019.0 Clouds          -39600
     74    -165   -21.2    92.0     6.8    33.0  1030.0 Clouds          -39600
     78    -165   -31.6   100.0     3.2    16.0  1037.0 Clouds          -39600
     82    -165   -32.1   100.0     4.6   289.0  1035.0 Clouds          -39600
     86    -165   -24.6    97.0     6.6   295.0  1029.0 Clouds          -39600
     90    -165   -21.1   100.0     0.0   107.0  1024.0 Clouds          0

    -90    -160   -31.6    83.0     0.0    94.0  1002.0 Clouds          46800
    -86    -160   -17.5    70.0     6.0   213.0   992.0 Clouds          46800
    -82    -160    -7.1    91.0     3.7   120.0   980.0 Clouds          46800
    -78    -160    -0.9    86.0     9.2    35.0   977.0 Clouds          46800
    -74    -160    -1.4    98.0     4.7    51.0   972.0 Clouds          -39600
    -70    -160    -0.9    93.0     3.7   247.0   973.0 Clouds          -39600
    -66    -160    -0.3    94.0     6.2   188.0   973.0 Clouds          -39600
    -62    -160     0.6    98.0     7.5   201.0   971.0 Clouds          -39600
    -58    -160     3.9    75.0     7.2   231.0   974.0 Rain            -39600
    -54    -160     8.0    80.0    11.6   255.0   979.0 Rain            -39600
    -50    -160    10.4    78.0    14.2   265.0   992.0 Clouds          -39600
    -46    -160    13.5    82.0    12.1   272.0  1002.0 Clouds          -39600
    -42    -160    16.2    69.0     8.4   262.0  1011.0 Clouds          -39600
    -38    -160    18.2    60.0     3.5   237.0  1015.0 Clouds          -39600
    -34    -160    21.0    76.0     4.1   143.0  1014.0 Clouds          -39600
    -30    -160    23.2    87.0     1.6   206.0  1012.0 Rain            -39600
    -26    -160    26.3    87.0     4.9   309.0  1014.0 Rain            -39600
    -22    -160    27.2    79.0     4.0     9.0  1015.0 Clouds          -36000
    -18    -160    27.3    77.0     4.2   357.0  1015.0 Clouds          -36000
    -14    -160    27.7    72.0     3.3    41.0  1014.0 Clouds          -39600
    -10    -160    27.9    72.0     5.5    51.0  1013.0 Clouds          -36000
     -6    -160    27.1    75.0     6.0    88.0  1013.0 Clouds          -39600
     -2    -160    26.6    74.0     6.2    87.0  1012.0 Clouds          -39600
      2    -160    25.7    82.0     6.7    87.0  1013.0 Clouds          50400
      6    -160    26.8    81.0     8.3    80.0  1012.0 Clouds          50400
     10    -160    26.2    82.0     8.4    68.0  1014.0 Clouds          -39600
     14    -160    24.9    86.0     9.0    68.0  1016.0 Clear           -39600
     18    -160    24.8    80.0     7.1    81.0  1018.0 Rain            -39600
     22    -160    20.0    74.0     2.9    65.0  1019.0 Clear           -36000
     26    -160    20.3    67.0     2.7    86.0  1020.0 Clouds          -39600
     30    -160    17.2    67.0     3.9   233.0  1019.0 Clear           -39600
     34    -160    15.2    84.0    10.6   229.0  1015.0 Clouds          -39600
     38    -160    10.7    85.0     4.4   204.0  1009.0 Rain            -39600
     42    -160     7.1    64.0     2.7   318.0  1007.0 Clouds          -39600
     46    -160     4.5    60.0     4.7   333.0  1005.0 Clouds          -39600
     50    -160     3.4    69.0     4.1    28.0  1004.0 Clouds          -39600
     54    -160     1.4    78.0     4.5    34.0  1007.0 Clouds          -39600
     58    -160    -5.1    92.0     3.0    39.0  1009.0 Clouds          -39600
     62    -160   -16.9    98.0     2.2    13.0  1012.0 Clouds          -32400
     66    -160   -16.0    99.0     0.5   336.0  1015.0 Clouds          -32400
     70    -160   -25.1    99.0     3.4    55.0  1019.0 Clouds          -32400
     74    -160   -21.1    94.0     6.7    36.0  1028.0 Clouds          -39600
     78    -160   -31.0   100.0     3.3    19.0  1036.0 Clouds          -39600
     82    -160   -32.5   100.0     4.7   291.0  1034.0 Clouds          -39600
     86    -160   -23.4    97.0     6.8   301.0  1028.0 Clouds          -39600
     90    -160   -21.1   100.0     0.0   107.0  1024.0 Clouds          0

    -90    -155   -31.6    83.0     0.0    94.0  1002.0 Clouds          46800
    -86    -155   -27.3    66.0     5.5   179.0   990.0 Clear           46800
    -82    -155    -6.9    89.0     2.6    73.0   980.0 Clouds          46800
    -78    -155    -5.5    80.0    12.0    21.0   978.0 Clouds          46800
    -74    -155    -1.6    94.0     6.7    64.0   974.0 Clouds          -36000
    -70    -155    -0.0    78.0     2.4   322.0   973.0 Clouds          -36000
    -66    -155    -0.0    96.0     5.8   159.0   971.0 Clouds          -36000
    -62    -155     0.2    94.0     8.4   194.0   967.0 Snow            -36000
    -58    -155     3.0    85.0     7.7   277.0   972.0 Rain            -36000
    -54    -155     6.9    83.0     8.5   293.0   978.0 Clouds          -36000
    -50    -155    10.2    81.0    13.9   267.0   989.0 Rain            -36000
    -46    -155    13.3    84.0    13.6   270.0  1000.0 Clouds          -36000
    -42    -155    15.8    72.0     8.8   252.0  1009.0 Clear           -36000
    -38    -155    17.6    60.0     5.5   217.0  1013.0 Clouds          -36000
    -34    -155    21.0    73.0     6.7   189.0  1013.0 Clouds          -36000
    -30    -155    24.1    77.0     5.1   167.0  1011.0 Clouds          -36000
    -26    -155    25.7    86.0     5.2   267.0  1014.0 Rain            -36000
    -22    -155    26.4    79.0     2.4   347.0  1015.0 Clear           -36000
    -18    -155    26.9    77.0     1.8     8.0  1015.0 Clouds          -36000
    -14    -155    27.5    72.0     4.2    81.0  1015.0 Clear           -36000
    -10    -155    27.4    78.0     5.6    70.0  1013.0 Clouds          -36000
     -6    -155    26.4    80.0     7.9    79.0  1013.0 Rain            50400
     -2    -155    25.4    84.0     8.3    86.0  1013.0 Clear           -36000
      2    -155    25.1    89.0     7.1   103.0  1012.0 Clouds          -36000
      6    -155    26.7    82.0     8.5    71.0  1012.0 Clouds          -36000
     10    -155    26.0    84.0     9.0    62.0  1014.0 Clouds          -36000
     14    -155    25.0    84.0     8.3    59.0  1016.0 Clear           -36000
     18    -155    24.2    81.0     5.7    53.0  1018.0 Clear           -36000
     22    -155    22.9    75.0     5.8    32.0  1019.0 Clouds          -36000
     26    -155    20.3    63.0     3.5   357.0  1020.0 Clouds          -36000
     30    -155    17.5    60.0     6.5   297.0  1020.0 Clouds          -36000
     34    -155    14.7    67.0    10.9   280.0  1016.0 Clouds          -36000
     38    -155    11.7    63.0    12.0   294.0  1010.0 Clouds          -36000
     42    -155     8.8    72.0    14.1   315.0  1003.0 Clouds          -36000
     46    -155     6.3    89.0    13.6   339.0   998.0 Rain            -36000
     50    -155     4.7    79.0     8.0    11.0  1001.0 Clouds          -36000
     54    -155     3.1    77.0     4.3    25.0  1005.0 Clouds          -32400
     58    -155     1.8    98.0     1.2   344.0  1007.0 Snow            -32400
     62    -155   -13.7    90.0     1.0   105.0  1011.0 Clouds          -32400
     66    -155   -22.7    98.0     1.3    69.0  1015.0 Clouds          -32400
     70    -155   -20.6    98.0     2.2    28.0  1018.0 Clouds          -32400
     74    -155   -20.2    98.0     6.6    41.0  1027.0 Clouds          -36000
     78    -155   -31.1   100.0     3.3    17.0  1035.0 Clouds          -36000
     82    -155   -32.2   100.0     4.8   293.0  1033.0 Clouds          -36000
     86    -155   -22.3    96.0     7.0   309.0  1027.0 Clouds          -36000
     90    -155   -21.1   100.0     0.0   107.0  1024.0 Clouds          0

    -90    -150   -31.6    83.0     0.0    94.0  1002.0 Clouds          46800
    -86    -150   -18.9    69.0     4.4   167.0   991.0 Clouds          46800
    -82    -150    -7.5    86.0     3.9     6.0   981.0 Clouds          46800
    -78    -150    -7.0    97.0     3.4   344.0   982.0 Snow            46800
    -74    -150    -1.8    96.0     6.7    86.0   975.0 Clouds          -36000
    -70    -150    -0.2    92.0     3.7   342.0   974.0 Clouds          -36000
    -66    -150     0.4    88.0     4.9    77.0   972.0 Clouds          -36000
    -62    -150     1.7    95.0    10.2    70.0   962.0 Clouds          -36000
    -58    -150     1.7    80.0    10.4   279.0   971.0 Clouds          -36000
    -54    -150     6.9    82.0     9.2   280.0   979.0 Clouds          -36000
    -50    -150    10.5    79.0    15.1   274.0   987.0 Clouds          -36000
    -46    -150    12.9    83.0    12.3   287.0   999.0 Clouds          -36000
    -42    -150    15.2    68.0     9.3   246.0  1007.0 Clear           -36000
    -38    -150    17.4    65.0     8.1   199.0  1010.0 Clear           -36000
    -34    -150    21.1    78.0     8.8   191.0  1010.0 Clouds          -36000
    -30    -150    24.7    90.0     8.2   245.0  1009.0 Rain            -36000
    -26    -150    25.6    83.0     7.1   294.0  1013.0 Clouds          -36000
    -22    -150    26.0    80.0     3.0   314.0  1015.0 Rain            -36000
    -18    -150    27.2    71.0     1.4   336.0  1015.0 Clear           -36000
    -14    -150    27.2    73.0     3.3    71.0  1015.0 Clear           -36000
    -10    -150    27.4    75.0     6.0    84.0  1013.0 Clouds          50400
     -6    -150    26.0    80.0     7.7    70.0  1013.0 Clouds          -36000
     -2    -150    24.8    83.0     7.6    94.0  1013.0 Clouds          -36000
      2    -150    25.2    82.0     7.9   106.0  1013.0 Clouds          -36000
      6    -150    26.4    82.0     8.8    74.0  1013.0 Rain            -36000
     10    -150    26.0    82.0     9.3    68.0  1014.0 Clear           -36000
     14    -150    25.1    82.0     8.3    67.0  1016.0 Clear           -36000
     18    -150    23.7    81.0     5.6    82.0  1018.0 Clear           -36000
     22    -150    23.0    82.0     3.9     6.0  1019.0 Rain            -36000
     26    -150    20.6    64.0     4.6   338.0  1020.0 Clouds          -36000
     30    -150    18.1    59.0     9.2   283.0  1019.0 Clear           -36000
     34    -150    15.5    64.0    12.9   284.0  1014.0 Clouds          -36000
     38    -150    11.5    73.0    15.3   280.0  1005.0 Clear           -36000
     42    -150     8.1    90.0    22.0   280.0   989.0 Rain            -36000
     46    -150     8.1    93.0     2.6     4.0   986.0 Clouds          -36000
     50    -150     6.2    93.0    13.9    40.0   995.0 Rain            -36000
     54    -150     4.0    81.0     4.6    57.0  1004.0 Clouds          -36000
     58    -150     5.7    91.0     2.1   124.0  1006.0 Clouds          -36000
     62    -150    -5.7    94.0     1.2    69.0  1010.0 Clouds          -32400
     66    -150   -25.5    99.0     0.5   277.0  1018.0 Clouds          -32400
     70    -150   -21.5    97.0     0.5   314.0  1017.0 Clouds          -32400
     74    -150   -20.8    97.0     6.0    46.0  1026.0 Clouds          -36000
     78    -150   -32.1   100.0     3.3    13.0  1034.0 Clouds          -36000
     82    -150   -31.7   100.0     5.3   298.0  1032.0 Clouds          -36000
     86    -150   -20.2    95.0     6.9   321.0  1026.0 Clouds          -36000
     90    -150   -21.1   100.0     0.0   107.0  1024.0 Clouds          0

    -90    -145   -31.6    83.0     0.0    94.0  1002.0 Clouds          46800
    -86    -145   -27.9    71.0     4.8   146.0   993.0 Clear           -36000
    -82    -145    -7.0    90.0     3.0   347.0   982.0 Clouds          -36000
    -78    -145    -7.0    89.0     2.6    52.0   983.0 Clouds          -36000
    -74    -145    -1.7    96.0     9.3    79.0   977.0 Snow            -36000
    -70    -145    -0.0    91.0     4.2   345.0   975.0 Clouds          -36000
    -66    -145     0.6    99.0     6.4    58.0   974.0 Snow            -36000
    -62    -145     1.7    98.0    11.8    33.0   970.0 Clouds          -36000
    -58    -145     3.4    96.0     8.4   340.0   974.0 Clouds          -36000
    -54    -145     8.3    90.0    10.3   300.0   979.0 Clouds          -36000
    -50    -145    10.5    79.0    10.5   295.0   989.0 Clear           -36000
    -46    -145    12.2    81.0     9.6   275.0   999.0 Clouds          -36000
    -42    -145    15.0    73.0     7.7   245.0  1005.0 Clouds          -36000
    -38    -145    18.5    84.0     3.0   317.0  1007.0 Clouds          -36000
    -34    -145    21.3    83.0     1.1   152.0  1006.0 Clouds          -36000
    -30    -145    24.5    89.0    10.4   295.0  1009.0 Rain            -36000
    -26    -145    25.3    84.0     5.7   293.0  1013.0 Rain            -36000
    -22    -145    26.4    76.0     3.0   314.0  1016.0 Clouds          -36000
    -18    -145    26.5    78.0     4.6    67.0  1016.0 Rain            -36000
    -14    -145    27.3    77.0     6.2    73.0  1015.0 Clear           -36000
    -10    -145    27.1    75.0     7.3    76.0  1013.0 Clouds          -36000
     -6    -145    25.7    83.0     7.0    64.0  1013.0 Clouds          -36000
     -2    -145    24.8    81.0     6.0   113.0  1013.0 Clouds          -36000
      2    -145    24.9    87.0     4.4   111.0  1013.0 Clouds          -36000
      6    -145    25.9    84.0     7.3    68.0  1013.0 Rain            -36000
     10    -145    25.6    82.0     8.7    61.0  1014.0 Clear           -36000
     14    -145    24.5    83.0     7.0    71.0  1017.0 Clear           -36000
     18    -145    22.8    85.0     5.2    52.0  1019.0 Clear           -36000
     22    -145    22.2    81.0     4.3   182.0  1019.0 Clouds          -36000
     26    -145    20.9    76.0     3.9   319.0  1019.0 Clouds          -36000
     30    -145    18.7    60.0     7.9   282.0  1018.0 Clouds          -36000
     34    -145    15.3    68.0    13.2   262.0  1013.0 Rain            -36000
     38    -145    13.0    73.0    15.8   255.0  1004.0 Rain            -36000
     42    -145     9.8    84.0    15.0   232.0   990.0 Rain            -36000
     46    -145     8.8    92.0     5.2   158.0   986.0 Clouds          -36000
     50    -145     7.3    97.0    14.1    79.0   993.0 Rain            -36000
     54    -145     5.4    92.0     6.0   110.0  1006.0 Clouds          -36000
     58    -145     5.6    88.0     4.5   120.0  1008.0 Clouds          -32400
     62    -145   -13.6    85.0     1.5    74.0  1017.0 Clouds          -32400
     66    -145   -24.2    99.0     0.6   201.0  1017.0 Clouds          -32400
     70    -145   -22.5    95.0     3.5   260.0  1017.0 Clouds          -32400
     74    -145   -20.2    95.0     6.1    64.0  1025.0 Clouds          -36000
     78    -145   -31.3   100.0     3.3     9.0  1033.0 Clouds          -36000
     82    -145   -31.6    99.0     5.6   299.0  1030.0 Clouds          -36000
     86    -145   -19.8    95.0     6.8   332.0  1025.0 Clouds          -36000
     90    -145   -21.1   100.0     0.0   107.0  1024.0 Clouds          0

    -90    -140   -31.6    83.0     0.0    94.0  1002.0 Clouds          46800
    -86    -140   -27.4    71.0     3.5   153.0   992.0 Clear           -32400
    -82    -140    -6.8    97.0     2.8   350.0   982.0 Clouds          -32400
    -78    -140   -10.2    80.0     3.7   357.0   984.0 Clouds          -32400
    -74    -140    -1.5    96.0    12.6    76.0   979.0 Snow            -32400
    -70    -140    -0.3    96.0     4.5   331.0   977.0 Clouds          -32400
    -66    -140     0.7    99.0     7.1    13.0   978.0 Snow            -32400
    -62    -140     2.6    97.0    12.6    33.0   977.0 Clouds          -32400
    -58    -140     4.2    99.0    10.0   358.0   977.0 Rain            -32400
    -54    -140     7.7    95.0     9.4   337.0   984.0 Clouds          -32400
    -50    -140    10.4    90.0     9.4   304.0   991.0 Clear           -32400
    -46    -140    12.0    90.0     7.8   290.0   999.0 Clear           -32400
    -42    -140    15.4    90.0     7.2   304.0  1004.0 Clouds          -32400
    -38    -140    18.4    74.0     2.5   295.0  1007.0 Clouds          -32400
    -34    -140    22.1    88.0     2.9   273.0  1004.0 Rain            -32400
    -30    -140    23.9    90.0     9.9   296.0  1009.0 Rain            -32400
    -26    -140    25.7    80.0     5.7   278.0  1013.0 Rain            -32400
    -22    -140    26.4    74.0     3.1   267.0  1015.0 Clouds          -36000
    -18    -140    26.6    69.0     2.1    66.0  1016.0 Clear           -36000
    -14    -140    27.0    75.0     5.7   100.0  1015.0 Clouds          -36000
    -10    -140    26.7    73.0     6.5    87.0  1014.0 Clouds          -34200
     -6    -140    25.9    79.0     6.5    74.0  1013.0 Clouds          -32400
     -2    -140    24.9    80.0     6.7   117.0  1013.0 Clouds          -32400
      2    -140    24.6    89.0     4.7   142.0  1013.0 Clouds          -32400
      6    -140    25.7    86.0     6.6    74.0  1013.0 Rain            -32400
     10    -140    25.9    82.0     8.2    59.0  1014.0 Clear           -32400
     14    -140    24.7    83.0     8.1    77.0  1016.0 Clear           -32400
     18    -140    23.1    83.0     4.5    80.0  1018.0 Clouds          -32400
     22    -140    21.4    83.0     2.8   134.0  1020.0 Clear           -32400
     26    -140    20.8    87.0     6.4   208.0  1019.0 Clouds          -32400
     30    -140    18.2    79.0     6.3   327.0  1017.0 Clouds          -32400
     34    -140    16.2    65.0     9.2   263.0  1014.0 Clear           -32400
     38    -140    13.2    79.0    13.7   247.0  1006.0 Clouds          -32400
     42    -140    11.7    86.0    13.1   208.0   995.0 Clouds          -32400
     46    -140     9.6    95.0     8.1   188.0   990.0 Clouds          -32400
     50    -140     7.7    91.0    15.6    94.0   998.0 Clouds          -32400
     54    -140     6.5    91.0     7.5   119.0  1010.0 Clouds          -32400
     58    -140     6.7    86.0     7.1   155.0  1012.0 Clouds          -32400
     62    -140    -9.9    97.0     1.8   188.0  1016.0 Clouds          -25200
     66    -140   -16.6    94.0     1.4   191.0  1015.0 Clouds          -25200
     70    -140   -19.0    97.0     3.2   117.0  1016.0 Clouds          -32400
     74    -140   -21.4    96.0     5.0    65.0  1026.0 Clouds          -32400
     78    -140   -30.5   100.0     3.4     3.0  1032.0 Clouds          -32400
     82    -140   -31.9    96.0     5.8   297.0  1029.0 Clouds          -32400
     86    -140   -19.5    95.0     6.5   343.0  1024.0 Clouds          -32400
     90    -140   -21.1   100.0     0.0   107.0  1024.0 Clouds          0

    -90    -135   -31.6    83.0     0.0    94.0  1002.0 Clouds          46800
    -86    -135   -25.5    69.0     4.0   173.0   990.0 Clear           -32400
    -82    -135    -8.2    97.0     1.9   347.0   983.0 Clouds          -32400
    -78    -135   -12.4    96.0     2.4     4.0   985.0 Clouds          -32400
    -74    -135    -1.5    89.0    12.5    88.0   982.0 Clouds          -32400
    -70    -135    -0.5    99.0     5.8   331.0   979.0 Clouds          -32400
    -66    -135     0.9    99.0     9.2   350.0   982.0 Snow            -32400
    -62    -135     2.2    98.0    10.3    22.0   986.0 Clouds          -32400
    -58    -135     4.9    98.0    13.0    25.0   986.0 Rain            -32400
    -54    -135     7.4    97.0    13.6     8.0   989.0 Rain            -32400
    -50    -135    10.5    92.0    11.5   357.0   994.0 Clouds          -32400
    -46    -135    12.5    92.0     9.1   341.0  1001.0 Clouds          -32400
    -42    -135    15.7    87.0     7.2   318.0  1005.0 Rain            -32400
    -38    -135    18.6    74.0     3.7   323.0  1008.0 Clouds          -32400
    -34    -135    20.2    93.0     7.4    39.0  1007.0 Rain            -32400
    -30    -135    23.9    85.0     7.0   311.0  1011.0 Rain            -32400
    -26    -135    25.2    81.0     3.8   300.0  1014.0 Clouds          -32400
    -22    -135    26.5    76.0     2.2   268.0  1015.0 Rain            -32400
    -18    -135    26.4    67.0     1.6   331.0  1016.0 Clear           -36000
    -14    -135    26.5    76.0     4.9   104.0  1015.0 Clouds          -32400
    -10    -135    26.1    74.0     5.2    94.0  1014.0 Clouds          -32400
     -6    -135    25.4    79.0     5.8    80.0  1013.0 Clouds          -32400
     -2    -135    24.5    82.0     6.8   103.0  1014.0 Clouds          -32400
      2    -135    25.7    76.0     7.7   122.0  1013.0 Clear           -32400
      6    -135    25.9    83.0     6.5    76.0  1013.0 Rain            -32400
     10    -135    25.4    83.0     8.9    62.0  1015.0 Clear           -32400
     14    -135    24.7    80.0     7.1    57.0  1016.0 Rain            -32400
     18    -135    22.9    77.0     6.1    82.0  1019.0 Clouds          -32400
     22    -135    20.6    81.0     4.7    96.0  1020.0 Rain            -32400
     26    -135    19.1    75.0     5.2   154.0  1021.0 Clouds          -32400
     30    -135    18.3    86.0     9.7   175.0  1019.0 Clouds          -32400
     34    -135    17.2    86.0    13.2   194.0  1016.0 Rain            -32400
     38    -135    15.8    80.0    10.9   216.0  1010.0 Clouds          -32400
     42    -135    13.3    89.0    10.6   201.0  1003.0 Clouds          -32400
     46    -135    11.2    94.0    16.7   169.0   999.0 Rain            -32400
     50    -135     7.9    93.0    15.2   104.0  1007.0 Clouds          -32400
     54    -135     7.8    88.0     7.0   138.0  1015.0 Clouds          -32400
     58    -135    -0.0    95.0     3.7   171.0  1017.0 Clouds          -32400
     62    -135   -16.9    98.0     1.0    63.0  1021.0 Clouds          -25200
     66    -135   -25.3    99.0     1.6   237.0  1019.0 Clouds          -25200
     70    -135   -17.6    90.0     6.8   115.0  1018.0 Clouds          -32400
     74    -135   -21.5    95.0     3.9    77.0  1026.0 Clouds          -32400
     78    -135   -30.3   100.0     3.2   351.0  1031.0 Clouds          -32400
     82    -135   -32.1    96.0     5.9   297.0  1027.0 Clouds          -32400
     86    -135   -20.1    95.0     6.2   349.0  1023.0 Clouds          -32400
     90    -135   -21.1   100.0     0.0   107.0  1024.0 Clouds          0

    -90    -130   -31.6    83.0     0.0    94.0  1002.0 Clouds          46800
    -86    -130   -22.1    76.0     4.8   133.0   996.0 Clear           -32400
    -82    -130   -10.4    97.0     1.4     6.0   984.0 Clouds          -32400
    -78    -130   -12.4    93.0     2.7   354.0   985.0 Clouds          -32400
    -74    -130    -3.6    84.0     8.5   103.0   984.0 Clouds          -32400
    -70    -130    -0.9    99.0     4.4   347.0   981.0 Clouds          -32400
    -66    -130     1.0    99.0     8.5   343.0   987.0 Clouds          -32400
    -62    -130     2.5    98.0    10.3     6.0   993.0 Clouds          -32400
    -58    -130     4.9    90.0    12.8    17.0   996.0 Clouds          -32400
    -54    -130     8.2    96.0    11.8    11.0   997.0 Clouds          -32400
    -50    -130    10.3    95.0     7.7     2.0  1001.0 Clouds          -32400
    -46    -130    12.8    85.0     6.2   340.0  1004.0 Clouds          -32400
    -42    -130    15.3    86.0     5.0   338.0  1008.0 Clouds          -32400
    -38    -130    18.4    77.0     4.6   334.0  1009.0 Clouds          -32400
    -34    -130    21.3    64.0     4.4   302.0  1011.0 Clouds          -32400
    -30    -130    22.6    65.0     2.7   329.0  1013.0 Clouds          -32400
    -26    -130    24.8    81.0     1.0   231.0  1014.0 Clouds          -28800
    -22    -130    26.3    79.0     2.8   296.0  1015.0 Rain            -32400
    -18    -130    25.9    67.0     1.5    18.0  1016.0 Clear           -32400
    -14    -130    26.2    73.0     5.7    97.0  1015.0 Clouds          -32400
    -10    -130    25.8    74.0     5.2    86.0  1014.0 Clear           -32400
     -6    -130    25.5    72.0     7.0    80.0  1014.0 Clear           -32400
     -2    -130    24.5    72.0     5.7   105.0  1014.0 Clouds          -32400
      2    -130    24.4    83.0     5.2   152.0  1014.0 Clouds          -32400
      6    -130    25.4    85.0     5.1   129.0  1013.0 Rain            -32400
     10    -130    25.1    89.0     7.2    57.0  1014.0 Clouds          -32400
     14    -130    24.4    81.0     7.6    58.0  1016.0 Clouds          -32400
     18    -130    22.8    74.0     5.4    75.0  1018.0 Clouds          -32400
     22    -130    20.1    76.0     4.0    92.0  1021.0 Clouds          -32400
     26    -130    18.0    78.0     1.8   306.0  1022.0 Clouds          -32400
     30    -130    16.4    72.0     2.3   128.0  1023.0 Clouds          -32400
     34    -130    15.3    87.0     6.7   182.0  1022.0 Clouds          -32400
     38    -130    14.4    93.0    11.7   179.0  1018.0 Clouds          -32400
     42    -130    12.8    95.0    14.1   177.0  1014.0 Clouds          -32400
     46    -130    11.1    98.0    12.0   154.0  1012.0 Rain            -32400
     50    -130     8.8    91.0    10.8   123.0  1015.0 Clouds          -32400
     54    -130     3.0    98.0     2.3   110.0  1020.0 Clouds          -28800
     58    -130    -1.8    96.0     1.0    96.0  1017.0 Clouds          -28800
     62    -130   -15.9   100.0     0.9   138.0  1022.0 Clouds          -25200
     66    -130   -23.7    99.0     2.2   128.0  1019.0 Clouds          -25200
     70    -130   -20.1    92.0     5.1   114.0  1022.0 Clouds          -25200
     74    -130   -18.9    90.0     3.2    85.0  1027.0 Clouds          -32400
     78    -130   -29.3   100.0     3.1   339.0  1030.0 Clouds          -32400
     82    -130   -32.2    96.0     6.0   299.0  1026.0 Clouds          -32400
     86    -130   -20.5    95.0     6.1   357.0  1022.0 Clouds          -32400
     90    -130   -21.1   100.0     0.0   107.0  1024.0 Clouds          0

    -90    -125   -31.6    83.0     0.0    94.0  1002.0 Clouds          46800
    -86    -125   -25.1    77.0     2.5    40.0   995.0 Clear           -28800
    -82    -125   -16.9   100.0     2.3   355.0   986.0 Clouds          -28800
    -78    -125   -13.3    95.0     3.8   304.0   986.0 Clouds          -28800
    -74    -125   -10.6    94.0     6.1    72.0   987.0 Clouds          -28800
    -70    -125    -0.9    98.0     4.7   331.0   984.0 Clouds          -28800
    -66    -125     1.7    94.0     6.8   328.0   991.0 Clouds          -28800
    -62    -125     3.9    94.0     9.2   337.0   998.0 Clouds          -28800
    -58    -125     6.1    77.0    10.9     4.0  1004.0 Clouds          -28800
    -54    -125     7.9    96.0    11.0    17.0  1005.0 Clouds          -28800
    -50    -125    10.2    94.0    10.1     5.0  1007.0 Clouds          -28800
    -46    -125    12.4    91.0     7.8    20.0  1009.0 Clouds          -28800
    -42    -125    14.9    87.0     4.3   345.0  1010.0 Clouds          -28800
    -38    -125    17.6    70.0     2.5   306.0  1012.0 Clouds          -28800
    -34    -125    20.7    68.0     2.6   346.0  1012.0 Clouds          -28800
    -30    -125    22.3    75.0     2.0   142.0  1013.0 Clouds          -28800
    -26    -125    25.2    78.0     6.1   265.0  1013.0 Rain            -28800
    -22    -125    26.0    76.0     7.5   318.0  1015.0 Rain            -28800
    -18    -125    25.5    69.0     2.2    45.0  1017.0 Clouds          -28800
    -14    -125    25.7    74.0     4.1   105.0  1016.0 Rain            -28800
    -10    -125    25.8    71.0     5.5    54.0  1014.0 Clouds          -28800
     -6    -125    25.1    72.0     4.4    95.0  1014.0 Clouds          -28800
     -2    -125    24.5    80.0     4.4   126.0  1013.0 Clouds          -28800
      2    -125    24.4    84.0     3.5   138.0  1013.0 Clouds          -28800
      6    -125    25.3    84.0     5.9   102.0  1013.0 Rain            -28800
     10    -125    25.6    89.0     7.3    91.0  1014.0 Clouds          -28800
     14    -125    24.8    86.0     7.0    58.0  1016.0 Rain            -28800
     18    -125    22.8    75.0     5.1    71.0  1018.0 Clouds          -28800
     22    -125    19.7    79.0     4.0    72.0  1020.0 Clouds          -28800
     26    -125    17.8    75.0     1.6    73.0  1021.0 Clear           -28800
     30    -125    16.7    75.0     2.4    53.0  1022.0 Clear           -28800
     34    -125    14.8    72.0     2.6    29.0  1023.0 Clouds          -28800
     38    -125    13.6    74.0     1.4   212.0  1023.0 Clouds          -28800
     42    -125    12.6    83.0     6.5   163.0  1022.0 Clouds          -28800
     46    -125    10.8    93.0     9.1   156.0  1020.0 Rain            -28800
     50    -125     8.4    97.0     1.9   140.0  1023.0 Clouds          -28800
     54    -125    -1.9   100.0     1.4   225.0  1022.0 Clouds          -28800
     58    -125    -7.9    97.0     2.7   234.0  1015.0 Snow            -28800
     62    -125   -17.0    99.0     2.6   231.0  1021.0 Clouds          -25200
     66    -125   -27.6   100.0     2.6   144.0  1024.0 Clouds          -25200
     70    -125   -25.6    96.0     3.1   102.0  1025.0 Clouds          -25200
     74    -125   -16.6    91.0     1.7    50.0  1027.0 Snow            -25200
     78    -125   -29.0   100.0     3.4   325.0  1028.0 Clouds          -28800
     82    -125   -31.9    97.0     6.3   299.0  1024.0 Clouds          -28800
     86    -125   -20.7    95.0     6.0     5.0  1022.0 Clouds          -28800
     90    -125   -21.1   100.0     0.0   107.0  1024.0 Clouds          0

    -90    -120   -31.6    83.0     0.0    94.0  1002.0 Clouds          46800
    -86    -120   -31.2    82.0     0.6    15.0  1000.0 Clear           -28800
    -82    -120   -17.4    98.0     3.2     7.0   987.0 Clouds          -28800
    -78    -120   -12.3    96.0     3.4   277.0   985.0 Clouds          -28800
    -74    -120   -13.0    99.0     1.8   145.0   988.0 Clouds          -28800
    -70    -120    -0.8    98.0     6.0   303.0   985.0 Clouds          -28800
    -66    -120     0.7    97.0     6.3   320.0   993.0 Clouds          -28800
    -62    -120     3.5    95.0     9.0   314.0  1002.0 Clouds          -28800
    -58    -120     5.0    87.0     9.2   340.0  1009.0 Clouds          -28800
    -54    -120     6.7    82.0     9.6    12.0  1012.0 Clear           -28800
    -50    -120     8.1    71.0     5.6    50.0  1012.0 Clear           -28800
    -46    -120    10.4    67.0     3.9   125.0  1011.0 Clear           -28800
    -42    -120    14.2    76.0     1.6    93.0  1011.0 Clouds          -28800
    -38    -120    17.8    74.0     3.2   278.0  1012.0 Clouds          -28800
    -34    -120    20.5    67.0     1.0   310.0  1013.0 Clouds          -28800
    -30    -120    24.1    85.0     5.3   308.0  1013.0 Clouds          -28800
    -26    -120    24.8    79.0     6.9   332.0  1015.0 Rain            -28800
    -22    -120    25.4    69.0     5.7   348.0  1017.0 Clouds          -28800
    -18    -120    25.0    68.0     2.8    63.0  1017.0 Clouds          -28800
    -14    -120    25.6    71.0     5.8   106.0  1016.0 Clouds          -28800
    -10    -120    25.3    75.0     6.5    43.0  1014.0 Clouds          -28800
     -6    -120    25.4    71.0     5.7    94.0  1014.0 Clouds          -28800
     -2    -120    24.9    80.0     4.8    95.0  1013.0 Clouds          -28800
      2    -120    25.1    84.0     4.1   103.0  1013.0 Clouds          -28800
      6    -120    25.6    83.0     7.2    93.0  1013.0 Rain            -28800
     10    -120    25.8    79.0     9.2    84.0  1013.0 Clouds          -28800
     14    -120    25.4    79.0     6.0    69.0  1016.0 Clouds          -28800
     18    -120    22.8    74.0     5.2    60.0  1017.0 Clouds          -28800
     22    -120    20.5    71.0     3.4    52.0  1018.0 Clouds          -28800
     26    -120    18.5    68.0     3.1   355.0  1020.0 Clear           -28800
     30    -120    17.5    73.0     4.9   323.0  1021.0 Clear           -28800
     34    -120    16.3    84.0     2.7   294.0  1021.0 Clear           -28800
     38    -120     6.9    37.0     3.6    51.0  1026.0 Clouds          -28800
     42    -120     2.6    73.0     3.1   204.0  1027.0 Clouds          -28800
     46    -120     3.6    89.0     1.8   286.0  1024.0 Clouds          -28800
     50    -120    -0.7    96.0     0.9   237.0  1024.0 Clouds          -28800
     54    -120    -2.7    97.0     3.0   220.0  1017.0 Snow            -25200
     58    -120   -13.4    97.0     2.3   269.0  1020.0 Clouds          -25200
     62    -120   -18.9    94.0     0.4    70.0  1023.0 Clouds          -25200
     66    -120   -20.1   100.0     4.0   121.0  1026.0 Clouds          -25200
     70    -120   -25.3    97.0     5.5   108.0  1026.0 Clouds          -25200
     74    -120   -21.8    88.0     2.1    21.0  1028.0 Clouds          -25200
     78    -120   -28.7   100.0     3.6   315.0  1027.0 Clouds          -28800
     82    -120   -31.6    98.0     6.0   300.0  1022.0 Clouds          -28800
     86    -120   -21.2    95.0     5.8    14.0  1021.0 Clouds          -28800
     90    -120   -21.1   100.0     0.0   107.0  1024.0 Clouds          0

    -90    -115   -31.6    83.0     0.0    94.0  1002.0 Clouds          46800
    -86    -115   -30.6    81.0     2.7   147.0  1000.0 Clear           -28800
    -82    -115   -18.2    98.0     4.2     5.0   988.0 Clouds          -28800
    -78    -115   -13.8    97.0     2.0   269.0   987.0 Clouds          -28800
    -74    -115    -6.9    70.0     2.0   122.0   988.0 Clouds          -28800
    -70    -115    -0.9    99.0     2.9    12.0   987.0 Snow            -28800
    -66    -115     0.4    98.0     6.2   293.0   994.0 Clouds          -28800
    -62    -115     3.6    95.0    10.8   294.0  1003.0 Clouds          -28800
    -58    -115     5.1    87.0     8.0   309.0  1012.0 Clouds          -28800
    -54    -115     7.0    64.0     4.4    24.0  1015.0 Clear           -28800
    -50    -115     8.4    80.0     7.9   132.0  1011.0 Clouds          -28800
    -46    -115    10.8    85.0    12.4   183.0  1005.0 Clouds          -28800
    -42    -115    14.3    75.0    10.1   225.0  1009.0 Clouds          -28800
    -38    -115    18.2    80.0     4.7   257.0  1012.0 Clear           -28800
    -34    -115    21.0    85.0     2.0   211.0  1013.0 Clouds          -28800
    -30    -115    24.1    90.0     9.8   342.0  1015.0 Clouds          -28800
    -26    -115    24.6    79.0     8.3   356.0  1018.0 Rain            -28800
    -22    -115    24.9    72.0     4.7    45.0  1018.0 Clouds          -28800
    -18    -115    24.5    74.0     4.6    97.0  1017.0 Clouds          -28800
    -14    -115    25.1    74.0     5.3    92.0  1015.0 Rain            -28800
    -10    -115    24.9    69.0     5.2    86.0  1015.0 Clouds          -28800
     -6    -115    25.6    64.0     3.8    82.0  1014.0 Clouds          -28800
     -2    -115    25.7    72.0     3.6   115.0  1013.0 Clouds          -28800
      2    -115    24.4    87.0     3.9   116.0  1013.0 Clear           -28800
      6    -115    25.6    82.0     4.8    88.0  1013.0 Clouds          -28800
     10    -115    26.1    79.0     6.2    39.0  1014.0 Rain            -28800
     14    -115    25.3    70.0     5.3    37.0  1015.0 Clouds          -28800
     18    -115    23.2    69.0     4.0    30.0  1016.0 Clouds          -25200
     22    -115    21.1    70.0     5.5   336.0  1017.0 Clouds          -28800
     26    -115    19.3    72.0     7.5   350.0  1017.0 Clouds          -25200
     30    -115    14.9    24.0     4.1     9.0  1020.0 Clear           -28800
     34    -115    15.5    28.0     2.7   344.0  1023.0 Clear           -28800
     38    -115     4.7    48.0     1.8    31.0  1027.0 Clouds          -28800
     42    -115    -4.7    62.0     2.8   220.0  1028.0 Clouds          -25200
     46    -115    -0.1    78.0     1.4   213.0  1027.0 Clouds          -28800
     50    -115     1.8    71.0     2.5   266.0  1019.0 Clouds          -25200
     54    -115     3.2    88.0     4.0   283.0  1011.0 Clouds          -25200
     58    -115    -9.6    96.0     1.6     5.0  1015.0 Snow            -25200
     62    -115   -22.2   100.0     3.3    14.0  1022.0 Clouds          -25200
     66    -115   -32.1   100.0     1.9    68.0  1031.0 Clouds          -25200
     70    -115   -29.1   100.0     1.7   155.0  1029.0 Clouds          -25200
     74    -115   -24.7    97.0     2.1   301.0  1027.0 Clouds          -25200
     78    -115   -29.7   100.0     3.8   307.0  1026.0 Clouds          -25200
     82    -115   -30.0    96.0     5.9   302.0  1021.0 Clouds          -28800
     86    -115   -22.0    95.0     5.6    23.0  1020.0 Clouds          -28800
     90    -115   -21.1   100.0     0.0   107.0  1024.0 Clouds          0

    -90    -110   -31.6    83.0     0.0    94.0  1002.0 Clouds          46800
    -86    -110   -28.3    75.0     4.9   132.0   997.0 Clear           -25200
    -82    -110   -21.4    97.0     4.8     9.0   991.0 Clouds          -25200
    -78    -110   -19.7    99.0     0.7   114.0   993.0 Clouds          -25200
    -74    -110    -7.5    86.0     2.1   150.0   988.0 Clouds          -25200
    -70    -110    -1.1    81.0     3.2     5.0   989.0 Clouds          -25200
    -66    -110     1.4    97.0     8.4   283.0   993.0 Snow            -25200
    -62    -110     3.9    95.0    11.3   282.0  1003.0 Clouds          -25200
    -58    -110     5.4    87.0     8.7   289.0  1013.0 Clouds          -25200
    -54    -110     6.7    59.0     1.9    76.0  1016.0 Clear           -25200
    -50    -110     9.2    82.0    13.3   119.0  1008.0 Clouds          -25200
    -46    -110    13.2    97.0     6.6    11.0   993.0 Clouds          -25200
    -42    -110    15.2    82.0    16.7   291.0  1003.0 Clouds          -25200
    -38    -110    19.5    94.0     9.1   281.0  1011.0 Rain            -25200
    -34    -110    22.6    93.0    10.9   325.0  1016.0 Clouds          -25200
    -30    -110    23.8    88.0     9.4   344.0  1020.0 Rain            -25200
    -26    -110    23.9    74.0     6.4    31.0  1021.0 Rain            -18000
    -22    -110    23.5    75.0     4.9    78.0  1019.0 Rain            -25200
    -18    -110    23.8    76.0     6.5    75.0  1017.0 Clouds          -25200
    -14    -110    24.5    73.0     6.5   103.0  1016.0 Clouds          -25200
    -10    -110    25.0    73.0     3.0    90.0  1014.0 Clouds          -25200
     -6    -110    25.6    64.0     3.5   104.0  1014.0 Clouds          -25200
     -2    -110    23.6    89.0     5.4   123.0  1013.0 Clear           -25200
      2    -110    25.2    81.0     4.3   105.0  1013.0 Rain            -25200
      6    -110    26.3    78.0     5.5    97.0  1013.0 Clear           -25200
     10    -110    26.6    76.0     3.5    66.0  1013.0 Clouds          -25200
     14    -110    25.5    66.0     3.2   347.0  1014.0 Clouds          -25200
     18    -110    24.2    66.0     5.1   344.0  1014.0 Clouds          -25200
     22    -110    23.6    61.0     2.8   247.0  1014.0 Clouds          -25200
     26    -110    19.6    75.0     9.2   331.0  1014.0 Clouds          -25200
     30    -110    10.2    32.0     3.5    30.0  1021.0 Clear           -25200
     34    -110     1.4    47.0     2.7    50.0  1029.0 Clear           -25200
     38    -110    -2.1    47.0     1.6    78.0  1030.0 Clouds          -25200
     42    -110    -2.4    77.0     2.9   282.0  1028.0 Clouds          -25200
     46    -110     8.1    42.0    12.8   259.0  1018.0 Clouds          -25200
     50    -110     6.8    63.0     9.5   277.0  1010.0 Clouds          -21600
     54    -110    -4.0    97.0     1.6   301.0  1009.0 Snow            -21600
     58    -110    -8.2    98.0     2.0   356.0  1012.0 Clouds          -21600
     62    -110   -23.3    98.0     3.0    35.0  1021.0 Clouds          -25200
     66    -110   -33.8   100.0     1.7    25.0  1031.0 Clouds          -25200
     70    -110   -32.8   100.0     2.1   303.0  1029.0 Clouds          -25200
     74    -110   -29.2   100.0     1.7   287.0  1027.0 Clouds          -25200
     78    -110   -31.0    98.0     4.5   304.0  1025.0 Clouds          -25200
     82    -110   -29.7    97.0     5.1   303.0  1020.0 Clouds          -25200
     86    -110   -22.6    95.0     5.7    33.0  1020.0 Clouds          -25200
     90    -110   -21.1   100.0     0.0   107.0  1024.0 Clouds          0

    -90    -105   -31.6    83.0     0.0    94.0  1002.0 Clouds          46800
    -86    -105   -29.1    78.0     5.1   159.0   997.0 Clear           -25200
    -82    -105   -26.4   100.0     4.1   359.0   995.0 Clouds          -25200
    -78    -105   -23.6    84.0     4.1   178.0   995.0 Clouds          -25200
    -74    -105    -2.6    71.0     6.1   161.0   986.0 Clouds          -25200
    -70    -105    -1.1    76.0     6.3   261.0   989.0 Clouds          -25200
    -66    -105     1.1    98.0     6.9   279.0   992.0 Clouds          -25200
    -62    -105     3.7    95.0    11.9   276.0  1001.0 Clouds          -25200
    -58    -105     5.5    87.0    10.3   283.0  1013.0 Clouds          -25200
    -54    -105     6.7    63.0     2.6    87.0  1017.0 Clear           -25200
    -50    -105     8.2    88.0    15.9    97.0  1008.0 Rain            -25200
    -46    -105    14.1    99.0     8.7   353.0  1000.0 Rain            -25200
    -42    -105    16.8    98.0    11.4   321.0  1006.0 Rain            -25200
    -38    -105    21.6    89.0    12.6   321.0  1013.0 Rain            -25200
    -34    -105    22.7    92.0    10.3   331.0  1020.0 Clear           -25200
    -30    -105    23.7    78.0     6.2   343.0  1023.0 Clear           -25200
    -26    -105    23.7    71.0     6.8    74.0  1022.0 Clear           -18000
    -22    -105    23.8    69.0     7.5    84.0  1020.0 Clouds          -25200
    -18    -105    23.2    76.0     7.2   101.0  1018.0 Clouds          -25200
    -14    -105    24.0    75.0     5.8   116.0  1016.0 Clouds          -25200
    -10    -105    24.3    80.0     6.5   120.0  1014.0 Clear           -25200
     -6    -105    24.3    80.0     1.7   128.0  1013.0 Clear           -25200
     -2    -105    24.4    79.0     5.2   152.0  1013.0 Clear           -25200
      2    -105    24.8    84.0     2.6   133.0  1012.0 Clear           -25200
      6    -105    25.9    80.0     4.8    66.0  1013.0 Clear           -25200
     10    -105    26.1    77.0     3.5   104.0  1013.0 Clear           -25200
     14    -105    25.9    69.0     3.7   281.0  1013.0 Clouds          -25200
     18    -105    25.4    73.0     4.0   316.0  1012.0 Clouds          -25200
     22    -105    20.2    49.0     1.3    83.0  1013.0 Clouds          -25200
     26    -105     5.2    47.0     1.2    73.0  1025.0 Clouds          -21600
     30    -105     7.5    40.0     2.8   157.0  1027.0 Clear           -21600
     34    -105    -2.2    58.0     1.8   207.0  1028.0 Clear           -25200
     38    -105    -1.7    82.0     2.9   253.0  1028.0 Clear           -25200
     42    -105    -5.3    93.0     0.0     0.0  1022.0 Clouds          -25200
     46    -105    -0.9    75.0     7.0   172.0  1019.0 Clouds          -25200
     50    -105    -3.1    88.0     9.1   184.0  1014.0 Snow            -21600
     54    -105   -10.9    95.0     2.9   146.0  1013.0 Clouds          -21600
     58    -105    -7.1    97.0     1.6   204.0  1012.0 Clouds          -21600
     62    -105   -19.7    98.0     5.0     8.0  1018.0 Clouds          -25200
     66    -105   -30.3   100.0     3.9     3.0  1028.0 Clouds          -25200
     70    -105   -28.3    88.0     3.6   338.0  1027.0 Clouds          -25200
     74    -105   -21.0   100.0     3.4   278.0  1026.0 Clouds          -25200
     78    -105   -31.2   100.0     5.0   304.0  1023.0 Clouds          -25200
     82    -105   -29.2    97.0     3.8   299.0  1019.0 Clouds          -25200
     86    -105   -23.3    95.0     5.3    37.0  1020.0 Clouds          -25200
     90    -105   -21.1   100.0     0.0   107.0  1024.0 Clouds          0

    -90    -100   -31.6    83.0     0.0    94.0  1002.0 Clouds          46800
    -86    -100   -26.9    73.0     6.4   213.0   997.0 Clear           -25200
    -82    -100   -27.4   100.0     4.6   280.0   996.0 Clouds          -25200
    -78    -100   -24.6    90.0     4.2   154.0   995.0 Clear           -25200
    -74    -100   -13.5    72.0     3.5   132.0   987.0 Clear           -25200
    -70    -100    -1.7    79.0     8.7   245.0   988.0 Clouds          -25200
    -66    -100     0.8    96.0     5.3   296.0   993.0 Clouds          -25200
    -62    -100     3.3    97.0    11.8   281.0  1001.0 Rain            -25200
    -58    -100     5.8    84.0    11.0   279.0  1013.0 Clouds          -25200
    -54    -100     7.0    69.0     1.1   353.0  1018.0 Clear           -25200
    -50    -100     9.0    95.0    14.8    94.0  1010.0 Rain            -25200
    -46    -100    14.3    99.0    11.1     2.0  1006.0 Rain            -25200
    -42    -100    17.3    96.0    11.8   337.0  1012.0 Clouds          -25200
    -38    -100    20.5    96.0     9.6   326.0  1019.0 Clouds          -25200
    -34    -100    22.7    93.0     6.4   316.0  1023.0 Clouds          -25200
    -30    -100    23.1    70.0     1.4     3.0  1025.0 Clear           -25200
    -26    -100    23.2    73.0     6.4   108.0  1023.0 Clear           -25200
    -22    -100    23.1    74.0     7.8   109.0  1020.0 Clear           -25200
    -18    -100    22.7    74.0     9.2   112.0  1018.0 Rain            -25200
    -14    -100    22.9    76.0     6.6   126.0  1015.0 Clouds          -25200
    -10    -100    23.8    75.0     6.7   138.0  1014.0 Clear           -25200
     -6    -100    24.3    86.0     7.1   146.0  1013.0 Rain            -25200
     -2    -100    24.3    82.0     3.5   186.0  1012.0 Clear           -25200
      2    -100    24.9    83.0     4.0   214.0  1012.0 Rain            -25200
      6    -100    26.2    79.0     7.3    46.0  1012.0 Rain            -25200
     10    -100    25.8    78.0     4.3    55.0  1013.0 Clear           -25200
     14    -100    27.0    67.0     0.2   300.0  1013.0 Clear           -25200
     18    -100    21.2    71.0     1.3    94.0  1013.0 Clouds          -21600
     22    -100     9.3    49.0     3.3   177.0  1029.0 Clouds          -21600
     26    -100     5.8    86.0     0.3    10.0  1030.0 Clouds          -21600
     30    -100     6.2    49.0     2.1   250.0  1030.0 Clear           -21600
     34    -100    -7.5    67.0     6.4    43.0  1040.0 Clouds          -21600
     38    -100   -11.2    79.0     1.7    81.0  1043.0 Clouds          -21600
     42    -100   -12.2    68.0     5.5   188.0  1039.0 Clouds          -21600
     46    -100   -15.8    77.0     6.3   157.0  1035.0 Clouds          -21600
     50    -100   -25.4    77.0     2.1   100.0  1028.0 Clouds          -21600
     54    -100   -14.0    77.0     4.5   169.0  1019.0 Clouds          -21600
     58    -100   -13.4    97.0     3.2   218.0  1014.0 Clouds          -21600
     62    -100   -17.5    97.0     3.9    37.0  1015.0 Clouds          -21600
     66    -100   -29.6    99.0     4.5     4.0  1025.0 Clouds          -21600
     70    -100   -27.8    99.0     4.1   323.0  1025.0 Clouds          -25200
     74    -100   -29.0   100.0     3.3   276.0  1024.0 Clouds          -21600
     78    -100   -34.0   100.0     3.1   307.0  1021.0 Clouds          -21600
     82    -100   -28.5    97.0     2.9   295.0  1018.0 Clouds          -25200
     86    -100   -23.8    96.0     5.3    45.0  1020.0 Clouds          -25200
     90    -100   -21.1   100.0     0.0   107.0  1024.0 Clouds          0

    -90     -95   -31.6    83.0     0.0    94.0  1002.0 Clouds          46800
    -86     -95   -26.8    77.0     5.2   208.0   997.0 Clear           -21600
    -82     -95   -26.3    93.0     4.7   258.0   995.0 Clouds          -21600
    -78     -95   -26.7    98.0     3.9   170.0   996.0 Clouds          -21600
    -74     -95   -17.9    97.0     4.2   114.0   989.0 Clouds          -21600
    -70     -95    -1.4    81.0     8.6   243.0   986.0 Clouds          -21600
    -66     -95     0.6    80.0     7.9   257.0   993.0 Clouds          -21600
    -62     -95     3.1    98.0    10.1   277.0  1001.0 Rain            -21600
    -58     -95     5.9    85.0    11.1   271.0  1012.0 Clouds          -21600
    -54     -95     7.3    69.0     4.4   266.0  1019.0 Clear           -21600
    -50     -95     9.3    92.0     7.8    64.0  1017.0 Rain            -21600
    -46     -95    13.5    96.0     6.3    22.0  1014.0 Rain            -21600
    -42     -95    16.8    97.0     6.5   347.0  1017.0 Clear           -21600
    -38     -95    20.3    97.0     6.2   308.0  1022.0 Clouds          -21600
    -34     -95    22.3    93.0     4.5   307.0  1025.0 Clouds          -21600
    -30     -95    22.0    66.0     2.3   104.0  1026.0 Clouds          -21600
    -26     -95    23.2    66.0     7.9   111.0  1023.0 Clouds          -21600
    -22     -95    22.5    79.0     9.5   118.0  1020.0 Rain            -21600
    -18     -95    22.2    80.0    10.1   112.0  1017.0 Rain            -21600
    -14     -95    22.8    74.0     6.9   106.0  1015.0 Clouds          -21600
    -10     -95    23.7    72.0     6.0   146.0  1014.0 Clouds          -21600
     -6     -95    24.9    83.0     7.4   150.0  1012.0 Rain            -21600
     -2     -95    24.2    86.0     2.0   181.0  1012.0 Clear           -21600
      2     -95    25.5    81.0     6.9   193.0  1011.0 Rain            -21600
      6     -95    25.7    80.0     7.5    46.0  1011.0 Clouds          -21600
     10     -95    26.0    69.0     5.6   355.0  1012.0 Clear           -21600
     14     -95    24.9    72.0    17.1    13.0  1013.0 Clear           -21600
     18     -95    18.7    95.0     5.5   322.0  1021.0 Rain            -21600
     22     -95    20.8    63.0    13.2   358.0  1024.0 Clouds          -21600
     26     -95    16.6    58.0    11.2     6.0  1026.0 Clouds          -21600
     30     -95     4.0    86.0     0.5     0.0  1030.0 Clear           -21600
     34     -95    -5.0    58.0     7.2   340.0  1036.0 Clouds          -21600
     38     -95   -15.4    76.0     4.3   347.0  1041.0 Clear           -21600
     42     -95   -17.4    85.0     4.1   310.0  1042.0 Clear           -21600
     46     -95   -22.1    77.0     0.0     0.0  1041.0 Clear           -21600
     50     -95   -21.4    87.0     3.5   176.0  1036.0 Clouds          -21600
     54     -95   -17.1    74.0     5.3   209.0  1025.0 Clouds          -21600
     58     -95   -12.4    91.0     6.4   239.0  1015.0 Clouds          -21600
     62     -95   -17.8    97.0     3.6    25.0  1013.0 Clouds          -21600
     66     -95   -27.1    99.0     3.9    15.0  1021.0 Clear           -21600
     70     -95   -26.8    93.0     3.6   352.0  1021.0 Clouds          -25200
     74     -95   -28.3   100.0     2.0   250.0  1022.0 Clouds          -21600
     78     -95   -35.1    99.0     3.2   288.0  1019.0 Clouds          -21600
     82     -95   -27.9    98.0     2.1   288.0  1018.0 Clouds          -21600
     86     -95   -24.2    96.0     5.3    51.0  1019.0 Clouds          -21600
     90     -95   -21.1   100.0     0.0   107.0  1024.0 Clouds          0

    -90     -90   -31.6    83.0     0.0    94.0  1002.0 Clouds          46800
    -86     -90   -26.2    80.0     5.3   217.0   996.0 Clouds          -21600
    -82     -90   -23.9    84.0     5.5   244.0   993.0 Clear           -21600
    -78     -90   -25.0    95.0     2.7   106.0   994.0 Clear           -21600
    -74     -90   -20.7    99.0     3.7   150.0   990.0 Clouds          -21600
    -70     -90    -1.2    95.0     8.0   233.0   983.0 Clouds          -21600
    -66     -90     0.8    72.0    10.7   253.0   991.0 Clouds          -21600
    -62     -90     3.1    77.0     9.8   271.0  1000.0 Clouds          -21600
    -58     -90     5.4    81.0    10.7   269.0  1010.0 Clouds          -21600
    -54     -90     7.3    72.0     8.2   263.0  1019.0 Clear           -21600
    -50     -90     8.8    83.0     4.1     2.0  1022.0 Clouds          -21600
    -46     -90    13.0    93.0     5.8    29.0  1019.0 Clouds          -21600
    -42     -90    16.7    87.0     3.9   341.0  1021.0 Clouds          -21600
    -38     -90    20.0    97.0     4.6   277.0  1023.0 Clouds          -21600
    -34     -90    21.7    86.0     3.9   270.0  1026.0 Clouds          -21600
    -30     -90    22.0    80.0     6.6   144.0  1025.0 Clear           -21600
    -26     -90    22.4    78.0     8.2   132.0  1022.0 Clear           -21600
    -22     -90    22.1    81.0     9.2   120.0  1019.0 Rain            -21600
    -18     -90    22.0    74.0     7.5   109.0  1016.0 Clouds          -21600
    -14     -90    22.9    70.0     6.2   132.0  1015.0 Clouds          -21600
    -10     -90    24.4    65.0     5.2   134.0  1013.0 Clouds          -21600
     -6     -90    25.3    80.0     7.5   144.0  1012.0 Rain            -21600
     -2     -90    24.6    80.0     2.0   152.0  1012.0 Clouds          -21600
      2     -90    25.4    82.0     3.7   164.0  1011.0 Rain            -21600
      6     -90    25.6    83.0     2.5   139.0  1010.0 Rain            -21600
     10     -90    25.2    81.0     5.5    49.0  1012.0 Clouds          -21600
     14     -90    17.1    88.0     4.1    56.0  1015.0 Clear           -21600
     18     -90    13.4    95.0     1.2   311.0  1019.0 Clear           -21600
     22     -90    20.8    81.0    16.1   348.0  1018.0 Rain            -21600
     26     -90    15.6    64.0    14.7   343.0  1021.0 Clouds          -21600
     30     -90     2.8    53.0     9.3   360.0  1024.0 Clear           -21600
     34     -90    -8.0    71.0     6.4   353.0  1030.0 Clouds          -21600
     38     -90   -10.5    86.0     7.7   340.0  1034.0 Clouds          -21600
     42     -90   -13.1    61.0     4.1   330.0  1036.0 Clear           -21600
     46     -90   -11.0    79.0     2.6    10.0  1037.0 Clouds          -21600
     50     -90   -24.6   100.0     1.9   241.0  1039.0 Clouds          -21600
     54     -90   -20.0    80.0     4.6   223.0  1028.0 Clouds          -21600
     58     -90   -13.7    94.0     8.5   233.0  1016.0 Snow            -21600
     62     -90   -16.1    95.0     3.1    86.0  1012.0 Snow            -21600
     66     -90   -27.7    94.0     1.9   326.0  1019.0 Clear           -21600
     70     -90   -24.0    99.0     5.0   314.0  1019.0 Clouds          -25200
     74     -90   -24.7    99.0     8.9   296.0  1017.0 Clouds          -21600
     78     -90   -31.5   100.0     1.8   255.0  1017.0 Clouds          -21600
     82     -90   -27.1    96.0     2.0   255.0  1017.0 Clouds          -21600
     86     -90   -25.4    96.0     5.2    58.0  1019.0 Clouds          -21600
     90     -90   -21.1   100.0     0.0   107.0  1024.0 Clouds          0

    -90     -85   -31.6    83.0     0.0    94.0  1002.0 Clouds          46800
    -86     -85   -24.3    77.0     5.8   193.0   994.0 Clouds          -21600
    -82     -85   -20.8    80.0     6.4   228.0   991.0 Clouds          -21600
    -78     -85   -10.1    58.0     3.7   256.0   986.0 Clouds          -21600
    -74     -85   -16.3    89.0     9.0   173.0   986.0 Clouds          -21600
    -70     -85    -0.5    87.0     9.2   246.0   979.0 Clouds          -21600
    -66     -85     1.1    78.0    10.0   260.0   989.0 Clouds          -21600
    -62     -85     3.1    76.0    11.4   265.0   999.0 Clouds          -21600
    -58     -85     5.4    77.0    10.9   270.0  1009.0 Clouds          -21600
    -54     -85     7.5    78.0     9.3   259.0  1018.0 Clear           -21600
    -50     -85     9.7    78.0     4.4   260.0  1023.0 Clouds          -21600
    -46     -85    11.4    90.0     3.3    93.0  1022.0 Clouds          -21600
    -42     -85    15.1    91.0     0.4   220.0  1022.0 Clouds          -21600
    -38     -85    19.6    97.0     6.0   259.0  1022.0 Clouds          -21600
    -34     -85    21.0    91.0     5.1   209.0  1024.0 Clouds          -21600
    -30     -85    21.8    83.0     9.1   158.0  1023.0 Clear           -21600
    -26     -85    21.7    84.0     8.3   146.0  1020.0 Clear           -21600
    -22     -85    21.8    80.0     8.2   131.0  1017.0 Rain            -21600
    -18     -85    22.0    74.0     6.2   131.0  1015.0 Rain            -21600
    -14     -85    23.4    70.0     6.4   133.0  1013.0 Clouds          -21600
    -10     -85    24.5    78.0     6.5   135.0  1012.0 Clouds          -21600
     -6     -85    25.5    78.0     3.0   176.0  1011.0 Clouds          -21600
     -2     -85    24.3    83.0     3.3   162.0  1011.0 Clouds          -21600
      2     -85    25.5    79.0     3.1   160.0  1011.0 Clouds          -21600
      6     -85    26.7    77.0     2.6   216.0  1011.0 Rain            -21600
     10     -85    24.3    79.0     2.9   308.0  1011.0 Clouds          -21600
     14     -85    16.9    99.0     1.0   339.0  1016.0 Clouds          -21600
     18     -85    24.1    63.0     5.8   332.0  1016.0 Clouds          -21600
     22     -85    22.9    60.0     3.7   312.0  1015.0 Clouds          -18000
     26     -85    19.6    69.0    10.0   332.0  1014.0 Clouds          -21600
     30     -85     5.2    72.0     4.3   323.0  1017.0 Clouds          -18000
     34     -85    -1.6    70.0     6.2   330.0  1019.0 Clouds          -18000
     38     -85   -13.0    70.0     3.2    13.0  1028.0 Clouds          -18000
     42     -85   -12.4    85.0     1.5   310.0  1028.0 Clouds          -18000
     46     -85   -15.3    85.0     3.6     8.0  1032.0 Clouds          -18000
     50     -85   -26.0   100.0     1.7   249.0  1036.0 Clouds          -18000
     54     -85   -24.3    93.0     3.9   232.0  1030.0 Clouds          -18000
     58     -85   -18.9    87.0     6.5   215.0  1019.0 Clouds          -18000
     62     -85   -18.1    86.0     2.1   175.0  1015.0 Clouds          -18000
     66     -85   -28.8   100.0     0.9    63.0  1017.0 Clouds          -18000
     70     -85   -22.9   100.0     2.0   292.0  1016.0 Clouds          -18000
     74     -85   -25.5    98.0     7.3   272.0  1014.0 Clouds          -18000
     78     -85   -33.1   100.0     0.7   213.0  1017.0 Clouds          -18000
     82     -85   -29.6   100.0     1.0    59.0  1018.0 Clouds          -18000
     86     -85   -27.9    97.0     4.6    62.0  1019.0 Clouds          -21600
     90     -85   -21.1   100.0     0.0   107.0  1024.0 Clouds          0

    -90     -80   -31.6    83.0     0.0    94.0  1002.0 Clouds          46800
    -86     -80   -23.9    77.0     5.3   185.0   993.0 Clouds          -18000
    -82     -80   -16.5    66.0     8.1   217.0   987.0 Clouds          -18000
    -78     -80   -12.2    87.0     2.9   292.0   986.0 Clouds          -18000
    -74     -80   -15.4    89.0     9.0   144.0   985.0 Clouds          -18000
    -70     -80    -0.8    95.0    10.3   285.0   978.0 Snow            -18000
    -66     -80     1.1    79.0     9.8   275.0   989.0 Clouds          -18000
    -62     -80     3.5    70.0    12.2   256.0   997.0 Rain            -18000
    -58     -80     5.4    73.0    12.6   262.0  1007.0 Rain            -18000
    -54     -80     7.5    84.0    10.3   271.0  1016.0 Rain            -18000
    -50     -80     9.3    74.0     6.3   228.0  1022.0 Clouds          -18000
    -46     -80    12.2    91.0     6.8   178.0  1021.0 Clouds          -18000
    -42     -80    15.4    98.0     6.5   159.0  1019.0 Clouds          -18000
    -38     -80    19.2    94.0     5.6   213.0  1020.0 Rain            -18000
    -34     -80    20.5    90.0     8.1   188.0  1020.0 Clouds          -10800
    -30     -80    21.0    90.0     9.0   174.0  1019.0 Clear           -18000
    -26     -80    20.9    84.0     8.4   157.0  1017.0 Clouds          -10800
    -22     -80    21.2    77.0     6.0   140.0  1015.0 Clouds          -18000
    -18     -80    22.6    73.0     6.0   146.0  1014.0 Clouds          -18000
    -14     -80    23.6    78.0     6.8   155.0  1012.0 Clouds          -18000
    -10     -80    23.6    87.0     4.7   129.0  1011.0 Clouds          -18000
     -6     -80    23.6    70.0     1.5   199.0  1012.0 Clouds          -18000
     -2     -80    22.0    90.0     0.6   241.0  1012.0 Clouds          -18000
      2     -80    25.6    81.0     0.9   311.0  1011.0 Rain            -18000
      6     -80    25.7    80.0     8.9     6.0  1011.0 Rain            -18000
     10     -80    23.9    81.0     6.6   358.0  1012.0 Rain            -18000
     14     -80    25.7    65.0     3.1    36.0  1013.0 Clouds          -18000
     18     -80    25.3    77.0     7.6   312.0  1013.0 Rain            -18000
     22     -80    16.3    94.0     2.3   326.0  1013.0 Clouds          -18000
     26     -80    13.9    82.0     0.0     0.0  1013.0 Clouds          -18000
     30     -80    15.0    68.0     7.0   302.0  1012.0 Clouds          -18000
     34     -80    -1.1    88.0     6.2    47.0  1016.0 Clouds          -18000
     38     -80   -12.4    78.0     3.1    60.0  1022.0 Snow            -18000
     42     -80   -13.9    72.0     3.1   210.0  1028.0 Clouds          -18000
     46     -80   -19.0    97.0     2.5   351.0  1028.0 Clouds          -18000
     50     -80   -21.4    97.0     3.9   326.0  1031.0 Clouds          -18000
     54     -80   -22.9    96.0     3.5   301.0  1028.0 Clouds          -18000
     58     -80   -22.0    93.0     3.7   230.0  1022.0 Clouds          -18000
     62     -80   -20.6    97.0     2.1   209.0  1016.0 Clouds          -18000
     66     -80   -27.8    99.0     1.3   295.0  1016.0 Clouds          -18000
     70     -80   -31.6    98.0     3.0   336.0  1014.0 Clouds          -18000
     74     -80   -23.6    96.0     5.6   270.0  1013.0 Clouds          -18000
     78     -80   -25.3    91.0     2.7   327.0  1011.0 Clouds          -18000
     82     -80   -28.5    99.0     0.8   139.0  1018.0 Clouds          -18000
     86     -80   -31.6    99.0     3.8    64.0  1020.0 Clouds          -18000
     90     -80   -21.1   100.0     0.0   107.0  1024.0 Clouds          0

    -90     -75   -31.6    83.0     0.0    94.0  1002.0 Clouds          46800
    -86     -75   -21.6    71.0     5.4   174.0   991.0 Clouds          -10800
    -82     -75   -14.6    71.0     5.7   198.0   985.0 Clouds          -10800
    -78     -75   -11.9    93.0     4.5   248.0   985.0 Clouds          -10800
    -74     -75    -8.1    92.0     3.2   161.0   982.0 Clouds          -10800
    -70     -75    -3.4    94.0     5.3   306.0   980.0 Snow            -10800
    -66     -75     1.0    76.0     8.4   270.0   988.0 Clouds          -18000
    -62     -75     3.7    73.0    12.2   242.0   995.0 Rain            -18000
    -58     -75     6.2    79.0    12.3   273.0  1005.0 Rain            -18000
    -54     -75     7.5    77.0     9.9   272.0  1016.0 Clouds          -18000
    -50     -75    11.1    78.0     4.9   277.0  1019.0 Clouds          -10800
    -46     -75    14.7    97.0     2.1   181.0  1018.0 Clouds          -10800
    -42     -75    16.1    98.0     7.3   193.0  1017.0 Clouds          -18000
    -38     -75    18.3    92.0    10.7   187.0  1015.0 Clouds          -18000
    -34     -75    19.1    87.0    11.3   189.0  1014.0 Clouds          -18000
    -30     -75    19.3    89.0     8.8   190.0  1014.0 Clouds          -18000
    -26     -75    20.4    77.0     7.4   168.0  1014.0 Clouds          -18000
    -22     -75    22.3    66.0     5.6   171.0  1014.0 Clouds          -18000
    -18     -75    23.5    69.0     5.4   141.0  1012.0 Clouds          -18000
    -14     -75    14.7    84.0     0.7   204.0  1017.0 Clouds          -18000
    -10     -75    21.3   100.0     0.6   129.0  1011.0 Clouds          -18000
     -6     -75    22.0    99.0     1.1   329.0  1011.0 Clouds          -18000
     -2     -75    20.6    99.0     1.0   344.0  1011.0 Clouds          -18000
      2     -75    20.3    95.0     1.0   351.0  1013.0 Rain            -18000
      6     -75    20.0    98.0     1.2   289.0  1013.0 Rain            -18000
     10     -75    23.5    84.0     1.3   184.0  1010.0 Clouds          -18000
     14     -75    25.7    82.0     6.2    71.0  1012.0 Rain            -18000
     18     -75    25.8    74.0     5.5   153.0  1013.0 Clouds          -18000
     22     -75    25.4    78.0     6.6   199.0  1011.0 Clouds          -18000
     26     -75    23.1    85.0    10.9   217.0  1010.0 Rain            -18000
     30     -75    18.8    72.0     7.2   282.0  1010.0 Rain            -18000
     34     -75    10.1    90.0    13.0    67.0  1013.0 Rain            -18000
     38     -75    -5.0    70.0     8.8   356.0  1022.0 Clouds          -18000
     42     -75   -24.8   100.0     2.0    10.0  1026.0 Clouds          -18000
     46     -75   -29.2   100.0     1.8   331.0  1025.0 Clouds          -18000
     50     -75   -19.9    97.0     3.4   313.0  1024.0 Clouds          -18000
     54     -75   -26.9    99.0     2.0   302.0  1025.0 Clouds          -18000
     58     -75   -25.8    97.0     3.5   275.0  1022.0 Clouds          -18000
     62     -75   -23.7    98.0     1.2   231.0  1017.0 Clouds          -18000
     66     -75   -30.9   100.0     2.4   281.0  1015.0 Clouds          -18000
     70     -75   -30.9    74.0     1.0    69.0  1014.0 Clouds          -18000
     74     -75   -26.1    96.0     4.8   287.0  1012.0 Clouds          -18000
     78     -75   -18.8   100.0    12.6    11.0  1010.0 Clouds          -18000
     82     -75   -31.7    99.0     1.2   117.0  1015.0 Clouds          -18000
     86     -75   -34.0   100.0     3.2    67.0  1020.0 Clouds          -18000
     90     -75   -21.1   100.0     0.0   107.0  1024.0 Clouds          0

    -90     -70   -31.6    83.0     0.0    94.0  1002.0 Clouds          46800
    -86     -70   -21.9    70.0     4.1   129.0   990.0 Clear           -10800
    -82     -70   -16.1    74.0     4.7   192.0   984.0 Clouds          -10800
    -78     -70   -10.5    87.0     3.9   219.0   983.0 Clouds          -10800
    -74     -70   -12.4    96.0     1.8    97.0   983.0 Snow            -10800
    -70     -70    -4.7    85.0     2.7    14.0   983.0 Clouds          -10800
    -66     -70     1.4    88.0     7.4   277.0   988.0 Snow            -18000
    -62     -70     3.6    86.0     9.8   296.0   995.0 Rain            -18000
    -58     -70     6.0    84.0    10.6   278.0  1005.0 Clouds          -10800
    -54     -70     6.6    79.0     6.0   261.0  1013.0 Clouds          -10800
    -50     -70    14.5    63.0     4.0   119.0  1012.0 Clouds          -10800
    -46     -70    18.1    62.0     5.6   236.0  1011.0 Clouds          -10800
    -42     -70    20.0    64.0     1.8   314.0  1012.0 Clouds          -10800
    -38     -70    16.9    74.0     1.9   233.0  1012.0 Clouds          -10800
    -34     -70     6.2    64.0     1.0    94.0  1014.0 Clear           -10800
    -30     -70     8.1    51.0     0.6   274.0  1017.0 Clear           -10800
    -26     -70    14.9    87.0     0.6   276.0  1013.0 Clear           -10800
    -22     -70    13.5    75.0     0.6    30.0  1014.0 Clear           -10800
    -18     -70     9.7    84.0     0.8   286.0  1015.0 Clouds          -18000
    -14     -70     7.9    93.0     1.3    96.0  1020.0 Clouds          -18000
    -10     -70    21.4    99.0     0.6   298.0  1011.0 Clouds          -18000
     -6     -70    21.0    99.0     0.7   291.0  1011.0 Clouds          -18000
     -2     -70    21.9   100.0     1.0   309.0  1011.0 Clouds          -18000
      2     -70    21.5    99.0     1.4   277.0  1011.0 Clouds          -18000
      6     -70    24.3    83.0     1.4   324.0  1011.0 Clouds          -18000
     10     -70    19.6    81.0     0.8   125.0  1012.0 Clouds          -14400
     14     -70    26.7    84.0     8.4    97.0  1011.0 Clouds          -14400
     18     -70    25.6    76.0     2.0    90.0  1013.0 Rain            -14400
     22     -70    25.2    78.0     8.1   143.0  1014.0 Rain            -18000
     26     -70    23.1    71.0    11.4   146.0  1013.0 Clouds          -18000
     30     -70    19.0    65.0    11.8   148.0  1013.0 Clouds          -18000
     34     -70    13.1    65.0     5.7    67.0  1016.0 Rain            -18000
     38     -70     3.8    61.0     6.3   303.0  1019.0 Clouds          -18000
     42     -70    -9.4    77.0     5.1   320.0  1019.0 Clouds          -18000
     46     -70   -21.0    96.0     5.9   271.0  1019.0 Clouds          -18000
     50     -70   -23.2    98.0     1.9   294.0  1017.0 Clouds          -18000
     54     -70   -25.6    99.0     2.6   311.0  1019.0 Clouds          -18000
     58     -70   -24.5    94.0     2.3   281.0  1017.0 Clouds          -18000
     62     -70   -15.8    98.0     9.2   310.0  1012.0 Clouds          -18000
     66     -70   -32.6   100.0     3.4   243.0  1015.0 Clouds          -18000
     70     -70   -28.1   100.0     0.4    54.0  1014.0 Clouds          -18000
     74     -70   -23.4    99.0     4.5   272.0  1010.0 Clouds          -18000
     78     -70   -27.4    82.0     5.4     8.0  1010.0 Clouds          -14400
     82     -70   -25.5    92.0     1.9    10.0  1016.0 Clouds          -18000
     86     -70   -35.1   100.0     2.9    71.0  1020.0 Clouds          -18000
     90     -70   -21.1   100.0     0.0   107.0  1024.0 Clouds          0

    -90     -65   -31.6    83.0     0.0    94.0  1002.0 Clouds          46800
    -86     -65   -22.9    70.0    10.4   119.0   990.0 Clear           -10800
    -82     -65   -19.3    90.0     2.8   175.0   983.0 Clouds          -10800
    -78     -65   -10.5    81.0     5.6   192.0   981.0 Clouds          -10800
    -74     -65   -14.7    84.0     5.9   257.0   982.0 Clouds          -10800
    -70     -65   -17.4    98.0     5.9   300.0   985.0 Snow            -10800
    -66     -65    -1.3    99.0     4.5   310.0   988.0 Snow            -10800
    -62     -65     2.6    90.0     7.3   277.0   996.0 Clear           -14400
    -58     -65     5.3    87.0     8.8   266.0  1004.0 Clouds          -14400
    -54     -65     8.5    79.0     7.0   192.0  1010.0 Clouds          -10800
    -50     -65    13.3    80.0     7.4   173.0  1010.0 Clouds          -14400
    -46     -65    16.8    90.0     8.2   341.0  1006.0 Clouds          -14400
    -42     -65    20.6    78.0     8.3     6.0  1009.0 Clouds          -10800
    -38     -65    22.3    45.0     3.1    26.0  1010.0 Clouds          -10800
    -34     -65    23.2    33.0     4.8    62.0  1010.0 Clouds          -10800
    -30     -65    24.2    41.0     2.7    67.0  1008.0 Clear           -10800
    -26     -65    18.8    68.0     1.4   123.0  1010.0 Clouds          -10800
    -22     -65     5.1    88.0     0.9   304.0  1015.0 Clouds          -14400
    -18     -65    13.8    91.0     1.3   316.0  1014.0 Clouds          -14400
    -14     -65    22.9    94.0     1.3   313.0  1009.0 Clouds          -14400
    -10     -65    21.8    99.0     0.5   310.0  1011.0 Clouds          -14400
     -6     -65    21.4    98.0     0.7   237.0  1010.0 Clouds          -14400
     -2     -65    22.9    99.0     2.4   113.0  1010.0 Clouds          -14400
      2     -65    21.3    99.0     0.2   111.0  1011.0 Clouds          -14400
      6     -65    22.9    99.0     0.7   286.0  1013.0 Rain            -14400
     10     -65    20.9    79.0     1.3   149.0  1012.0 Clouds          -14400
     14     -65    26.9    83.0     8.3   106.0  1013.0 Rain            -14400
     18     -65    26.1    78.0     7.6   113.0  1014.0 Clear           -14400
     22     -65    25.5    73.0     6.0   131.0  1016.0 Clouds          -14400
     26     -65    22.9    65.0     6.5   108.0  1017.0 Clouds          -14400
     30     -65    17.6    58.0     3.6   140.0  1018.0 Clouds          -14400
     34     -65    14.6    60.0     4.2   315.0  1018.0 Clouds          -14400
     38     -65     7.2    70.0     9.9   291.0  1018.0 Clouds          -14400
     42     -65    -0.6    72.0    10.8   293.0  1015.0 Clouds          -14400
     46     -65   -14.4    88.0     4.9   256.0  1010.0 Clouds          -14400
     50     -65    -5.7    75.0    10.3   292.0  1005.0 Clouds          -18000
     54     -65   -18.9    93.0     7.8   319.0  1010.0 Clouds          -14400
     58     -65   -26.4   100.0     1.5   312.0  1014.0 Clouds          -18000
     62     -65   -16.8    94.0     7.5   340.0  1011.0 Clouds          -18000
     66     -65   -25.8    87.0     0.8    75.0  1012.0 Clouds          -18000
     70     -65   -25.6   100.0     5.7   321.0  1011.0 Clouds          -14400
     74     -65   -23.6   100.0     3.3   273.0  1008.0 Clouds          -14400
     78     -65   -28.6    73.0     4.1    66.0  1008.0 Clouds          -7200
     82     -65   -31.6   100.0     2.8    13.0  1017.0 Clouds          -18000
     86     -65   -35.2   100.0     2.5    76.0  1020.0 Clouds          -14400
     90     -65   -21.1   100.0     0.0   107.0  1024.0 Clouds          0

    -90     -60   -31.6    83.0     0.0    94.0  1002.0 Clouds          46800
    -86     -60   -25.5    78.0     8.6   130.0   992.0 Clear           -10800
    -82     -60   -19.5    92.0     0.5   122.0   983.0 Clouds          -10800
    -78     -60    -7.6    95.0     5.0   191.0   979.0 Snow            -10800
    -74     -60    -6.2    79.0    12.9   201.0   980.0 Clouds          -10800
    -70     -60    -7.5    89.0     4.9   182.0   979.0 Clouds          -10800
    -66     -60    -0.7    73.0     7.0   295.0   985.0 Clouds          -10800
    -62     -60     2.0    95.0     9.1   261.0   994.0 Clouds          -10800
    -58     -60     4.5    91.0     6.8   251.0  1002.0 Clouds          -14400
    -54     -60     8.4    93.0     8.3   240.0  1007.0 Clouds          -10800
    -50     -60    12.3    99.0     7.1   310.0  1009.0 Rain            -10800
    -46     -60    13.3    94.0     8.3     1.0  1013.0 Clouds          -14400
    -42     -60    17.9    92.0     9.1    25.0  1014.0 Clear           -14400
    -38     -60    16.2    86.0     4.5    29.0  1014.0 Clear           -10800
    -34     -60    21.8    79.0     2.7    99.0  1012.0 Clouds          -10800
    -30     -60    22.1    60.0     2.2    95.0  1009.0 Clouds          -10800
    -26     -60    21.5    67.0     2.0   108.0  1008.0 Clear           -10800
    -22     -60    25.9    68.0     0.6   104.0  1006.0 Clouds          -10800
    -18     -60    21.3    90.0     1.8   299.0  1009.0 Clouds          -14400
    -14     -60    21.2    98.0     0.9     6.0  1010.0 Clouds          -14400
    -10     -60    21.2    98.0     0.6   178.0  1010.0 Clouds          -14400
     -6     -60    22.8    99.0     0.6    10.0  1010.0 Clouds          -14400
     -2     -60    23.6    98.0     1.4    43.0  1010.0 Clouds          -14400
      2     -60    22.6    90.0     2.5    58.0  1012.0 Rain            -14400
      6     -60    21.2   100.0     0.9   126.0  1014.0 Clouds          -14400
     10     -60    26.3    80.0     8.5    90.0  1014.0 Rain            -14400
     14     -60    26.5    77.0     8.9    91.0  1015.0 Clouds          -14400
     18     -60    25.5    78.0     8.2   100.0  1016.0 Rain            -14400
     22     -60    24.1    78.0     4.6   112.0  1018.0 Rain            -14400
     26     -60    22.8    57.0     3.1    81.0  1020.0 Clouds          -14400
     30     -60    18.6    58.0     2.0   297.0  1020.0 Clouds          -14400
     34     -60    15.6    64.0     7.9   294.0  1019.0 Rain            -14400
     38     -60    10.9    65.0    15.4   285.0  1015.0 Clouds          -14400
     42     -60     2.0    77.0    14.7   290.0  1011.0 Clouds          -14400
     46     -60    -5.7    89.0     5.7   270.0  1004.0 Snow            -14400
     50     -60    -1.7    79.0     7.4   314.0   995.0 Clouds          -14400
     54     -60    -8.5    85.0    10.2   345.0   996.0 Snow            -14400
     58     -60    -4.9    93.0    15.0   335.0  1000.0 Snow            -14400
     62     -60    -3.9    77.0     9.3   358.0  1005.0 Clouds          -14400
     66     -60   -18.3   100.0    10.0   349.0  1008.0 Clouds          -14400
     70     -60   -11.1    98.0     8.5   326.0  1006.0 Clouds          -14400
     74     -60   -15.7    94.0     5.8   322.0  1007.0 Clouds          -14400
     78     -60   -34.1    86.0     5.3   157.0  1014.0 Clouds          -7200
     82     -60   -32.2   100.0     2.0   106.0  1016.0 Clouds          -7200
     86     -60   -35.1   100.0     2.3    83.0  1020.0 Clouds          -14400
     90     -60   -21.1   100.0     0.0   107.0  1024.0 Clouds          0

    -90     -55   -31.6    83.0     0.0    94.0  1002.0 Clouds          46800
    -86     -55   -25.9    81.0     6.5   139.0   993.0 Clear           -10800
    -82     -55   -18.5    85.0     0.5   151.0   983.0 Clouds          -10800
    -78     -55    -6.0    95.0     3.9   143.0   978.0 Clouds          -10800
    -74     -55    -6.4    93.0    10.9   223.0   974.0 Snow            -14400
    -70     -55    -6.6    89.0     2.5   182.0   978.0 Clouds          -14400
    -66     -55    -0.7    82.0     6.6   284.0   984.0 Clear           -14400
    -62     -55     1.6    89.0     9.7   268.0   991.0 Clouds          -14400
    -58     -55     2.8    98.0     6.8   196.0   999.0 Rain            -14400
    -54     -55     8.0    96.0     6.0   258.0  1004.0 Clouds          -14400
    -50     -55    10.4    93.0    10.7   314.0  1011.0 Clouds          -14400
    -46     -55    15.2    91.0     6.5   333.0  1017.0 Clear           -14400
    -42     -55    16.9    85.0     5.7    23.0  1019.0 Clear           -14400
    -38     -55    19.3    80.0     6.8    94.0  1016.0 Clouds          -14400
    -34     -55    17.5    83.0     1.5   144.0  1013.0 Clouds          -10800
    -30     -55    20.3    91.0     2.8   130.0  1011.0 Clear           -10800
    -26     -55    20.7    85.0     1.0   141.0  1008.0 Clouds          -10800
    -22     -55    22.6    75.0     1.8   302.0  1009.0 Clear           -14400
    -18     -55    22.8    88.0     1.8    12.0  1009.0 Clear           -14400
    -14     -55    21.1    93.0     0.8   314.0  1011.0 Clouds          -14400
    -10     -55    23.0    89.0     0.8    98.0  1011.0 Clouds          -14400
     -6     -55    21.5    99.0     1.0    25.0  1011.0 Clouds          -10800
     -2     -55    25.8    91.0     1.9    50.0  1011.0 Clouds          -10800
      2     -55    20.6    98.0     1.5    52.0  1013.0 Clouds          -10800
      6     -55    24.9    88.0     5.5    68.0  1013.0 Clouds          -10800
     10     -55    26.2    79.0     8.6    67.0  1014.0 Rain            -14400
     14     -55    25.7    79.0     8.5    75.0  1016.0 Clouds          -14400
     18     -55    25.6    63.0     8.1    78.0  1018.0 Clear           -14400
     22     -55    24.3    77.0     4.2   110.0  1019.0 Clear           -14400
     26     -55    23.5    70.0     2.1    68.0  1020.0 Clouds          -14400
     30     -55    20.3    65.0     4.8   307.0  1020.0 Clouds          -14400
     34     -55    17.2    62.0    10.7   283.0  1018.0 Clouds          -14400
     38     -55    12.9    68.0    16.3   282.0  1012.0 Rain            -14400
     42     -55     4.5    67.0    16.7   280.0  1006.0 Rain            -14400
     46     -55    -1.6    72.0    13.0   260.0   998.0 Clouds          -10800
     50     -55    -2.0    83.0     9.1   250.0   988.0 Clouds          -12600
     54     -55    -0.1    93.0     5.7    30.0   987.0 Clouds          -14400
     58     -55     2.9    96.0     8.3    64.0   994.0 Clouds          -14400
     62     -55     1.0    79.0     7.0   360.0  1001.0 Clouds          -14400
     66     -55    -1.6    72.0     8.2   347.0  1001.0 Clouds          -14400
     70     -55    -7.7    57.0     3.6    15.0  1002.0 Clouds          -7200
     74     -55   -18.0    61.0     4.3   125.0  1004.0 Clouds          -7200
     78     -55   -36.1    89.0     5.8   173.0  1017.0 Clouds          -7200
     82     -55   -32.9    85.0     0.5   267.0  1017.0 Clouds          -7200
     86     -55   -33.9   100.0     1.8    68.0  1020.0 Clouds          -14400
     90     -55   -21.1   100.0     0.0   107.0  1024.0 Clouds          0

    -90     -50   -31.6    83.0     0.0    94.0  1002.0 Clouds          46800
    -86     -50   -25.7    81.0     5.5   126.0   992.0 Clear           -10800
    -82     -50   -16.0    75.0     1.8   148.0   982.0 Clouds          -10800
    -78     -50    -4.4    91.0     4.2   136.0   977.0 Snow            -10800
    -74     -50    -4.2    95.0     8.6   223.0   969.0 Snow            -10800
    -70     -50    -6.1    89.0     3.3   243.0   976.0 Clouds          -10800
    -66     -50    -1.0    89.0     5.5   284.0   983.0 Clouds          -10800
    -62     -50     0.2    87.0     9.2   258.0   989.0 Clouds          -10800
    -58     -50     3.3    99.0     4.5   236.0   995.0 Rain            -10800
    -54     -50     7.5    98.0    10.5   284.0  1002.0 Clouds          -10800
    -50     -50    10.9    94.0    11.2   307.0  1013.0 Clouds          -10800
    -46     -50    16.5    83.0     4.3   309.0  1020.0 Clouds          -10800
    -42     -50    16.7    71.0     4.1    57.0  1021.0 Clear           -10800
    -38     -50    19.7    69.0     8.6   101.0  1017.0 Clouds          -10800
    -34     -50    21.9    80.0     9.5   115.0  1011.0 Clouds          -10800
    -30     -50    22.1    86.0     4.7   249.0  1009.0 Clear           -10800
    -26     -50    16.8    98.0     0.4    52.0  1010.0 Clouds          -10800
    -22     -50    21.4    92.0     1.4   342.0  1010.0 Clear           -10800
    -18     -50    20.5    95.0     3.2   356.0  1012.0 Clouds          -10800
    -14     -50    22.9    91.0     1.5   131.0  1011.0 Clouds          -10800
    -10     -50    23.9    90.0     1.4    24.0  1011.0 Clouds          -10800
     -6     -50    25.8    98.0     0.5   352.0  1012.0 Clouds          -10800
     -2     -50    23.2    99.0     1.0    49.0  1012.0 Clouds          -10800
      2     -50    27.0    81.0     7.7    59.0  1011.0 Clouds          -10800
      6     -50    26.5    81.0     9.8    57.0  1012.0 Clear           -10800
     10     -50    25.4    77.0     9.9    64.0  1014.0 Clouds          -10800
     14     -50    25.2    75.0     9.3    72.0  1016.0 Clouds          -10800
     18     -50    24.5    77.0     6.9    77.0  1019.0 Clouds          -10800
     22     -50    24.1    73.0     5.8    81.0  1021.0 Clear           -10800
     26     -50    23.4    78.0     2.3   243.0  1021.0 Clear           -10800
     30     -50    21.9    66.0     8.3   261.0  1020.0 Clouds          -10800
     34     -50    18.7    59.0    10.7   268.0  1017.0 Clouds          -10800
     38     -50    14.1    76.0    19.0   253.0  1010.0 Rain            -10800
     42     -50     5.2    88.0    13.4   271.0  1004.0 Rain            -10800
     46     -50    -0.1    66.0    12.5   253.0   999.0 Clouds          -10800
     50     -50    -2.5    79.0    13.9   240.0   990.0 Clouds          -10800
     54     -50     1.6    78.0     4.3    98.0   985.0 Clouds          -10800
     58     -50     2.8    97.0    14.7    88.0   992.0 Rain            -10800
     62     -50    -0.7    66.0     5.5     5.0   998.0 Clouds          -7200
     66     -50   -12.7    63.0     2.4   100.0  1003.0 Clouds          -7200
     70     -50   -13.2    60.0     4.3    89.0  1002.0 Clouds          -7200
     74     -50   -27.4    65.0     6.8   156.0  1012.0 Clouds          -7200
     78     -50   -37.6    91.0     5.8   191.0  1020.0 Clouds          -7200
     82     -50   -34.2    68.0     2.4   112.0  1018.0 Clouds          -7200
     86     -50   -32.0    99.0     2.0    22.0  1020.0 Clouds          -10800
     90     -50   -21.1   100.0     0.0   107.0  1024.0 Clouds          0

    -90     -45   -31.6    83.0     0.0    94.0  1002.0 Clouds          46800
    -86     -45   -25.9    81.0     5.4   113.0   992.0 Clear           -10800
    -82     -45   -16.4    78.0     2.8   169.0   982.0 Clouds          -10800
    -78     -45    -8.3    91.0    10.2   152.0   977.0 Snow            -10800
    -74     -45    -2.5    94.0     5.0   161.0   966.0 Snow            -10800
    -70     -45    -5.3    91.0     4.4   270.0   975.0 Clouds          -10800
    -66     -45    -1.3    92.0     5.6   286.0   981.0 Clear           -10800
    -62     -45    -0.9    95.0     4.2   257.0   988.0 Clouds          -10800
    -58     -45     2.9    99.0     5.9   261.0   994.0 Clouds          -10800
    -54     -45     6.6    98.0    11.2   295.0  1002.0 Rain            -10800
    -50     -45     9.6    96.0    10.6   311.0  1014.0 Clouds          -10800
    -46     -45    13.6    81.0     5.7   299.0  1021.0 Clouds          -10800
    -42     -45    15.6    67.0     4.0    54.0  1022.0 Clouds          -10800
    -38     -45    19.3    76.0     9.8   101.0  1017.0 Clouds          -10800
    -34     -45    21.9    85.0     9.5   108.0  1011.0 Clouds          -10800
    -30     -45    23.5    82.0     4.7   164.0  1006.0 Clouds          -10800
    -26     -45    24.0    82.0     4.3   225.0  1007.0 Clouds          -10800
    -22     -45    16.4    96.0     1.3   360.0  1012.0 Clouds          -10800
    -18     -45    19.2    97.0     2.5     5.0  1013.0 Clouds          -10800
    -14     -45    20.7    92.0     1.6   108.0  1014.0 Clouds          -10800
    -10     -45    23.6    79.0     1.0   159.0  1012.0 Clouds          -10800
     -6     -45    23.1    93.0     2.6     2.0  1012.0 Clouds          -10800
     -2     -45    24.4    93.0     1.2    41.0  1012.0 Clouds          -10800
      2     -45    26.8    82.0     8.4    64.0  1012.0 Clear           -10800
      6     -45    25.9    78.0    10.1    56.0  1013.0 Clear           -10800
     10     -45    25.1    71.0    10.1    69.0  1014.0 Clouds          -10800
     14     -45    24.5    74.0     9.3    67.0  1016.0 Clouds          -10800
     18     -45    23.9    72.0     7.9    66.0  1019.0 Clouds          -10800
     22     -45    23.6    70.0     6.0    78.0  1022.0 Clouds          -10800
     26     -45    23.0    75.0     4.8   195.0  1022.0 Clear           -10800
     30     -45    21.2    84.0     5.6   278.0  1020.0 Clouds          -10800
     34     -45    19.2    76.0     7.8   254.0  1017.0 Rain            -10800
     38     -45    17.0    62.0    13.9   255.0  1011.0 Clouds          -10800
     42     -45    10.7    85.0    14.0   227.0  1004.0 Rain            -10800
     46     -45     1.5    83.0     6.7   240.0  1000.0 Snow            -10800
     50     -45     0.9    74.0    15.1   252.0   991.0 Clouds          -10800
     54     -45     3.3    98.0     7.3   357.0   981.0 Rain            -10800
     58     -45     4.6    88.0    17.8    58.0   990.0 Clouds          -10800
     62     -45   -19.6    53.0     7.1    51.0  1007.0 Clouds          -7200
     66     -45   -23.6    50.0     4.7   178.0  1014.0 Clouds          -7200
     70     -45   -25.4    82.0     6.4   142.0  1016.0 Clouds          -7200
     74     -45   -32.3    71.0     5.8   181.0  1019.0 Clouds          -7200
     78     -45   -39.3    98.0     5.7   217.0  1023.0 Clouds          -7200
     82     -45   -30.1    73.0     1.1    88.0  1017.0 Clouds          -7200
     86     -45   -31.1   100.0     2.7   355.0  1019.0 Clouds          -10800
     90     -45   -21.1   100.0     0.0   107.0  1024.0 Clouds          0

    -90     -40   -31.6    83.0     0.0    94.0  1002.0 Clouds          46800
    -86     -40   -26.5    81.0     5.2   105.0   993.0 Clear           -10800
    -82     -40   -15.6    69.0     3.8    94.0   983.0 Clouds          -10800
    -78     -40    -3.7    85.0     5.0   120.0   977.0 Clouds          -10800
    -74     -40    -3.2    91.0     3.4    54.0   966.0 Clouds          -10800
    -70     -40    -2.6    88.0     5.0   277.0   974.0 Clouds          -10800
    -66     -40    -1.2    89.0     5.5   278.0   980.0 Clear           -10800
    -62     -40    -0.8    96.0     4.7   239.0   986.0 Clouds          -10800
    -58     -40     2.9    98.0     9.2   269.0   991.0 Clouds          -10800
    -54     -40     5.6    98.0    12.6   294.0  1002.0 Clouds          -7200
    -50     -40     7.2    93.0    10.7   301.0  1015.0 Clouds          -10800
    -46     -40    13.2    84.0     7.0   298.0  1022.0 Clouds          -10800
    -42     -40    14.4    69.0     4.6    55.0  1024.0 Clouds          -10800
    -38     -40    19.1    86.0     9.2    79.0  1018.0 Clouds          -10800
    -34     -40    21.3    85.0     8.6    46.0  1013.0 Clouds          -10800
    -30     -40    22.4    88.0    14.1    36.0  1008.0 Rain            -10800
    -26     -40    25.5    81.0    10.7     7.0  1008.0 Clouds          -10800
    -22     -40    25.5    89.0    12.0     5.0  1009.0 Clouds          -10800
    -18     -40    22.6    95.0     1.9     8.0  1013.0 Clouds          -10800
    -14     -40    21.3    90.0     0.5   118.0  1015.0 Clouds          -10800
    -10     -40    23.8    74.0     3.2   137.0  1014.0 Clouds          -10800
     -6     -40    22.4    86.0     4.2    77.0  1014.0 Clouds          -10800
     -2     -40    27.0    80.0     5.9    91.0  1012.0 Clouds          -10800
      2     -40    26.0    86.0     7.2    69.0  1012.0 Clouds          -10800
      6     -40    25.9    75.0     9.1    60.0  1013.0 Clouds          -10800
     10     -40    24.4    75.0     9.2    64.0  1015.0 Clouds          -10800
     14     -40    23.9    75.0     9.9    68.0  1017.0 Clouds          -10800
     18     -40    23.1    72.0     8.7    73.0  1020.0 Clear           -10800
     22     -40    23.2    65.0     7.0    70.0  1022.0 Clouds          -10800
     26     -40    22.3    55.0     2.4   145.0  1024.0 Clouds          -10800
     30     -40    21.6    85.0     9.3   208.0  1022.0 Clear           -10800
     34     -40    19.4    85.0     6.7   244.0  1018.0 Clouds          -10800
     38     -40    17.0    82.0    11.1   250.0  1012.0 Rain            -10800
     42     -40    14.0    63.0     9.2   236.0  1007.0 Clouds          -10800
     46     -40     6.3    64.0    10.1   260.0  1002.0 Clouds          -10800
     50     -40     3.0    78.0    22.2   253.0   989.0 Rain            -10800
     54     -40     4.7    83.0    12.0    24.0   971.0 Rain            -10800
     58     -40     5.1    89.0    14.4    53.0   988.0 Clouds          -10800
     62     -40     3.1    80.0    13.5    29.0  1002.0 Clouds          -10800
     66     -40   -20.1    49.0     5.6   350.0  1013.0 Clouds          -7200
     70     -40   -36.4    82.0     3.1   170.0  1032.0 Clouds          -7200
     74     -40   -35.1    74.0     6.0   223.0  1024.0 Clouds          -7200
     78     -40   -40.3    99.0     5.6   251.0  1026.0 Clouds          -7200
     82     -40   -26.7    93.0     1.0   169.0  1016.0 Clouds          -7200
     86     -40   -29.2    99.0     3.6   354.0  1019.0 Clouds          -10800
     90     -40   -21.1   100.0     0.0   107.0  1024.0 Clouds          0

    -90     -35   -31.6    83.0     0.0    94.0  1002.0 Clouds          46800
    -86     -35   -27.1    82.0     4.8    93.0   993.0 Clouds          -10800
    -82     -35   -18.1    75.0     3.2   118.0   984.0 Clouds          -10800
    -78     -35    -6.5    78.0     2.7   117.0   977.0 Clouds          -10800
    -74     -35    -2.5    88.0     3.4    25.0   968.0 Clouds          -7200
    -70     -35    -1.4    88.0     4.0   285.0   973.0 Clouds          -7200
    -66     -35    -1.0    93.0     7.5   245.0   978.0 Clear           -7200
    -62     -35    -0.5    97.0     6.9   249.0   983.0 Clouds          -7200
    -58     -35     2.2    98.0    10.0   289.0   989.0 Rain            -7200
    -54     -35     5.4    92.0    17.9   294.0   999.0 Clouds          -7200
    -50     -35     7.6    81.0    12.1   282.0  1014.0 Clouds          -7200
    -46     -35    11.2    92.0     6.9   282.0  1022.0 Clouds          -7200
    -42     -35    11.9    76.0     2.0   118.0  1024.0 Clouds          -7200
    -38     -35    17.3    69.0     8.6    92.0  1021.0 Clouds          -7200
    -34     -35    21.1    90.0     5.7    61.0  1016.0 Clouds          -7200
    -30     -35    23.9    82.0     6.4    59.0  1014.0 Clouds          -7200
    -26     -35    26.4    78.0     8.6    12.0  1013.0 Clouds          -7200
    -22     -35    26.7    74.0    10.1     8.0  1014.0 Clouds          -7200
    -18     -35    26.3    79.0     7.5    25.0  1015.0 Clouds          -7200
    -14     -35    26.8    79.0     6.8    35.0  1014.0 Clouds          -7200
    -10     -35    26.9    71.0     7.0    56.0  1014.0 Clouds          -7200
     -6     -35    25.3    76.0     5.8   107.0  1014.0 Clouds          -10800
     -2     -35    26.4    81.0     7.1    98.0  1013.0 Clouds          -7200
      2     -35    25.9    86.0     6.7    75.0  1013.0 Clouds          -7200
      6     -35    25.7    73.0     8.2    64.0  1014.0 Clouds          -7200
     10     -35    23.9    76.0     8.5    61.0  1015.0 Clouds          -7200
     14     -35    22.5    77.0    10.5    63.0  1017.0 Clouds          -7200
     18     -35    22.3    75.0     9.9    71.0  1020.0 Clouds          -7200
     22     -35    22.7    67.0     6.9    68.0  1023.0 Clouds          -7200
     26     -35    21.5    72.0     4.7    93.0  1025.0 Clouds          -7200
     30     -35    21.1    69.0     6.0   199.0  1024.0 Clouds          -7200
     34     -35    20.0    89.0    11.3   218.0  1020.0 Rain            -7200
     38     -35    17.9    83.0    10.3   247.0  1014.0 Clouds          -7200
     42     -35    13.6    81.0     7.3   229.0  1010.0 Rain            -7200
     46     -35     8.8    72.0    11.7   252.0  1005.0 Clouds          -7200
     50     -35     4.0    75.0    22.9   245.0   990.0 Rain            -7200
     54     -35     5.7    87.0     9.8   147.0   965.0 Rain            -7200
     58     -35     6.6    84.0    14.1    72.0   986.0 Clouds          -7200
     62     -35     4.5    92.0    10.3    47.0   999.0 Rain            -7200
     66     -35   -13.6    86.0     4.2    39.0  1008.0 Clouds          -7200
     70     -35   -29.6    65.0     6.3   300.0  1022.0 Clouds          -7200
     74     -35   -36.0    84.0     6.4   242.0  1026.0 Clouds          -7200
     78     -35   -41.0    94.0     5.9   274.0  1027.0 Clear           -7200
     82     -35   -26.5    98.0     2.2   292.0  1015.0 Clouds          -7200
     86     -35   -28.2    99.0     4.6   359.0  1018.0 Clouds          -7200
     90     -35   -21.1   100.0     0.0   107.0  1024.0 Clouds          0

    -90     -30   -31.6    83.0     0.0    94.0  1002.0 Clouds          46800
    -86     -30   -27.7    82.0     4.1    77.0   994.0 Clear           -10800
    -82     -30   -19.6    79.0     3.4    86.0   985.0 Clouds          -10800
    -78     -30   -12.5    81.0     2.7    37.0   980.0 Clouds          -10800
    -74     -30    -0.7    87.0     6.6    43.0   969.0 Clouds          -10800
    -70     -30    -0.8    75.0     3.9   247.0   973.0 Clouds          -7200
    -66     -30    -0.8    92.0     7.0   247.0   976.0 Clouds          -7200
    -62     -30    -0.2    98.0     7.8   259.0   981.0 Clouds          -7200
    -58     -30     1.7    98.0     9.2   292.0   989.0 Snow            -7200
    -54     -30     3.0    98.0    10.8   297.0   999.0 Rain            -7200
    -50     -30     7.0    82.0    11.9   275.0  1011.0 Clouds          -7200
    -46     -30     9.9    84.0     7.8   260.0  1020.0 Clouds          -7200
    -42     -30    12.9    71.0     4.6   194.0  1023.0 Clouds          -7200
    -38     -30    15.6    68.0     6.6   119.0  1022.0 Clear           -7200
    -34     -30    21.2    82.0     4.9    95.0  1019.0 Clouds          -7200
    -30     -30    24.5    70.0     5.8    42.0  1018.0 Clouds          -7200
    -26     -30    26.1    71.0     7.4   354.0  1017.0 Clouds          -7200
    -22     -30    26.1    67.0     7.1    15.0  1017.0 Clouds          -10800
    -18     -30    25.3    74.0     6.3    53.0  1016.0 Clouds          -7200
    -14     -30    26.0    77.0     6.0    62.0  1016.0 Clouds          -7200
    -10     -30    26.1    74.0     5.8    86.0  1015.0 Clouds          -7200
     -6     -30    26.0    75.0     6.8   106.0  1014.0 Clouds          -7200
     -2     -30    26.3    81.0     5.5   105.0  1013.0 Clouds          -7200
      2     -30    26.5    81.0     5.9    69.0  1013.0 Clouds          -7200
      6     -30    24.4    77.0     6.9    56.0  1014.0 Clouds          -7200
     10     -30    24.2    71.0     8.5    60.0  1015.0 Clouds          -7200
     14     -30    22.5    79.0    10.8    55.0  1017.0 Clouds          -7200
     18     -30    21.3    77.0    10.0    66.0  1020.0 Clear           -7200
     22     -30    21.3    70.0     8.9    79.0  1023.0 Clouds          -7200
     26     -30    20.2    70.0     4.8    70.0  1026.0 Clouds          -7200
     30     -30    20.0    64.0     4.1   198.0  1026.0 Clouds          -7200
     34     -30    19.4    83.0     9.6   226.0  1023.0 Clear           -7200
     38     -30    17.3    92.0     7.2   231.0  1016.0 Clouds          -3600
     42     -30    14.2    65.0     2.4   158.0  1012.0 Clouds          -7200
     46     -30    10.9    59.0    12.1   256.0  1008.0 Clouds          -7200
     50     -30     6.0    67.0    19.9   244.0   996.0 Rain            -7200
     54     -30     4.8    83.0    15.4   200.0   984.0 Clouds          -7200
     58     -30     7.1    84.0    12.5    93.0   989.0 Rain            -7200
     62     -30     6.6    75.0     9.8    75.0   999.0 Clouds          -7200
     66     -30     0.0    78.0     7.2    49.0  1006.0 Clouds          -7200
     70     -30   -22.8    43.0     5.0   204.0  1014.0 Clear           -7200
     74     -30   -28.3    71.0    16.4   291.0  1013.0 Clear           -7200
     78     -30   -37.7    81.0     8.5   280.0  1023.0 Clouds          -7200
     82     -30   -18.7    97.0     4.8   237.0  1013.0 Snow            -7200
     86     -30   -26.8    98.0     5.3     7.0  1017.0 Clouds          -7200
     90     -30   -21.1   100.0     0.0   107.0  1024.0 Clouds          0

    -90     -25   -31.6    83.0     0.0    94.0  1002.0 Clouds          46800
    -86     -25   -27.4    81.0     4.2    67.0   993.0 Clear           -10800
    -82     -25   -19.6    87.0     3.5    81.0   986.0 Clouds          -10800
    -78     -25   -13.6    82.0     4.0    43.0   981.0 Clouds          -10800
    -74     -25    -2.1    95.0    10.2    68.0   971.0 Snow            -10800
    -70     -25    -1.4    81.0     2.3   237.0   972.0 Clouds          -7200
    -66     -25    -0.6    98.0     5.0   246.0   974.0 Snow            -7200
    -62     -25    -0.4    98.0     9.2   292.0   980.0 Clouds          -7200
    -58     -25     0.8    98.0     9.1   307.0   988.0 Clouds          -7200
    -54     -25     3.1    97.0     9.8   281.0   999.0 Clouds          -7200
    -50     -25     6.9    86.0    10.4   270.0  1009.0 Clouds          -7200
    -46     -25     9.6    82.0     8.2   249.0  1017.0 Clouds          -7200
    -42     -25    12.2    72.0     6.0   200.0  1020.0 Clouds          -7200
    -38     -25    15.6    65.0     6.3   172.0  1021.0 Clouds          -7200
    -34     -25    20.4    81.0     5.7   168.0  1019.0 Clouds          -7200
    -30     -25    23.1    68.0     1.1   357.0  1020.0 Clouds          -7200
    -26     -25    24.6    73.0     4.4    98.0  1019.0 Clouds          -7200
    -22     -25    25.3    72.0     3.8    41.0  1018.0 Clouds          -7200
    -18     -25    24.9    72.0     5.3    91.0  1018.0 Clouds          -7200
    -14     -25    25.4    71.0     6.1    82.0  1016.0 Clear           -7200
    -10     -25    25.6    72.0     6.7   105.0  1015.0 Clouds          -7200
     -6     -25    25.9    76.0     7.2   125.0  1015.0 Clouds          -7200
     -2     -25    26.1    79.0     5.5   142.0  1014.0 Clouds          -7200
      2     -25    26.2    79.0     2.3    88.0  1014.0 Clear           -7200
      6     -25    24.5    76.0     3.2    45.0  1014.0 Clouds          -7200
     10     -25    24.1    73.0     7.5    46.0  1015.0 Clear           -7200
     14     -25    22.6    75.0    11.9    68.0  1016.0 Clouds          -7200
     18     -25    20.4    80.0     9.4    57.0  1019.0 Clear           -7200
     22     -25    20.7    73.0     9.2    61.0  1022.0 Clouds          -7200
     26     -25    20.2    67.0     7.6    65.0  1026.0 Clouds          -7200
     30     -25    19.1    67.0     2.4   338.0  1027.0 Clear           -7200
     34     -25    18.8    76.0     6.8   234.0  1025.0 Clouds          -7200
     38     -25    17.0    90.0     5.2   219.0  1018.0 Rain            -3600
     42     -25    13.4    69.0     6.6   340.0  1014.0 Clouds          -7200
     46     -25    11.3    57.0    13.1   294.0  1009.0 Clouds          -7200
     50     -25     7.8    62.0    16.6   261.0  1000.0 Clouds          -7200
     54     -25     6.2    92.0    11.4   160.0   989.0 Rain            -7200
     58     -25     8.3    72.0     8.8    99.0   992.0 Clouds          -7200
     62     -25     7.3    75.0     8.7    99.0   999.0 Clouds          -7200
     66     -25     2.4    76.0     6.7    48.0  1005.0 Clouds          -7200
     70     -25   -19.5    24.0     2.8   240.0  1010.0 Clear           -7200
     74     -25   -29.0    56.0     6.9   321.0  1014.0 Clear           -7200
     78     -25   -31.9    78.0    13.0   286.0  1015.0 Clouds          -7200
     82     -25   -17.2    92.0     5.7   294.0  1011.0 Snow            -7200
     86     -25   -24.6    99.0     5.5    15.0  1017.0 Clouds          -7200
     90     -25   -21.1   100.0     0.0   107.0  1024.0 Clouds          0

    -90     -20   -31.6    83.0     0.0    94.0  1002.0 Clouds          46800
    -86     -20   -28.1    83.0     4.5    60.0   994.0 Clear           -10800
    -82     -20   -20.9    89.0     4.4    52.0   987.0 Clouds          -10800
    -78     -20   -15.9    86.0     6.5    25.0   983.0 Clouds          -10800
    -74     -20    -5.7    94.0    10.1    59.0   975.0 Snow            -10800
    -70     -20    -1.2    81.0     2.4    11.0   972.0 Clouds          -3600
    -66     -20    -0.7    98.0     3.2   286.0   972.0 Snow            -3600
    -62     -20    -0.1    98.0    10.6   313.0   980.0 Snow            -3600
    -58     -20     1.4    98.0     9.6   320.0   991.0 Clouds          -3600
    -54     -20     3.1    98.0     7.4   311.0   999.0 Clouds          -3600
    -50     -20     5.3    96.0     7.5   288.0  1007.0 Rain            -3600
    -46     -20     8.9    83.0     8.6   234.0  1013.0 Clouds          -3600
    -42     -20    12.4    70.0     9.0   214.0  1016.0 Clouds          -3600
    -38     -20    15.7    72.0     7.3   191.0  1017.0 Clouds          -3600
    -34     -20    21.4    87.0     7.8   264.0  1017.0 Rain            -3600
    -30     -20    23.5    64.0     2.5   248.0  1020.0 Clouds          -3600
    -26     -20    24.6    74.0     1.6   144.0  1019.0 Clouds          -3600
    -22     -20    25.0    73.0     3.2    85.0  1019.0 Clear           -3600
    -18     -20    24.4    73.0     5.9   110.0  1018.0 Clear           -3600
    -14     -20    25.7    70.0     5.2   122.0  1016.0 Clouds          -3600
    -10     -20    26.1    70.0     5.8   106.0  1015.0 Clouds          -3600
     -6     -20    26.3    78.0     7.2   129.0  1014.0 Clear           -3600
     -2     -20    26.2    83.0     5.7   146.0  1014.0 Rain            -3600
      2     -20    26.4    76.0     0.2   110.0  1014.0 Clouds          -3600
      6     -20    25.1    73.0     0.9   287.0  1014.0 Clear           -3600
     10     -20    24.4    69.0     6.7    20.0  1014.0 Clear           -3600
     14     -20    21.8    79.0     8.6    35.0  1015.0 Clouds          -3600
     18     -20    19.3    84.0     8.9    35.0  1018.0 Clear           -3600
     22     -20    19.3    86.0     9.4    47.0  1022.0 Clouds          -3600
     26     -20    19.2    78.0     8.5    44.0  1025.0 Clouds          -3600
     30     -20    18.3    87.0     4.5   351.0  1026.0 Clear           -3600
     34     -20    17.9    88.0     5.4   284.0  1025.0 Clouds          -3600
     38     -20    16.5    89.0    10.5   241.0  1019.0 Clouds          -3600
     42     -20    14.9    95.0    11.3   261.0  1011.0 Rain            -3600
     46     -20    11.4    86.0    16.9   326.0  1005.0 Clouds          -3600
     50     -20    10.1    88.0    13.9   259.0   996.0 Rain            -3600
     54     -20     9.3    78.0     4.6   193.0   993.0 Clouds          -3600
     58     -20     7.7    82.0     6.3   102.0   993.0 Rain            -3600
     62     -20     7.3    72.0     9.1    79.0  1000.0 Clouds          -3600
     66     -20    -2.9    89.0     2.1   128.0  1006.0 Clouds          0
     70     -20   -14.0   100.0     4.9   357.0  1011.0 Clouds          -3600
     74     -20   -26.8    98.0     1.0   269.0  1011.0 Clouds          -7200
     78     -20   -21.1    81.0     4.6   266.0  1006.0 Clouds          0
     82     -20   -19.2   100.0     9.0   336.0  1010.0 Snow            -7200
     86     -20   -22.4    99.0     6.0    25.0  1016.0 Clouds          -3600
     90     -20   -21.1   100.0     0.0   107.0  1024.0 Clouds          0

    -90     -15   -31.6    83.0     0.0    94.0  1002.0 Clouds          46800
    -86     -15   -28.6    85.0     4.4    57.0   994.0 Clear           0
    -82     -15   -23.1    95.0     4.3    35.0   989.0 Clouds          0
    -78     -15   -19.2    87.0     4.7    22.0   986.0 Clouds          0
    -74     -15    -4.1    73.0     8.0    64.0   978.0 Clouds          0
    -70     -15    -1.4    93.0     1.6    26.0   973.0 Clouds          -3600
    -66     -15    -0.8    97.0     5.8   325.0   974.0 Clouds          -3600
    -62     -15    -0.6    92.0    11.6   316.0   983.0 Clouds          -3600
    -58     -15     1.1    86.0     8.9   308.0   994.0 Clouds          -3600
    -54     -15     2.2    86.0     6.0   288.0  1001.0 Clouds          -3600
    -50     -15     3.8    77.0     6.5   247.0  1006.0 Clouds          -3600
    -46     -15     6.5    73.0     7.7   217.0  1010.0 Clouds          -3600
    -42     -15    11.8    73.0     8.2   234.0  1012.0 Clouds          -3600
    -38     -15    16.3    81.0     8.5   191.0  1014.0 Clouds          -3600
    -34     -15    22.2    78.0     9.7   304.0  1017.0 Clouds          -3600
    -30     -15    22.9    59.0     1.9   323.0  1020.0 Clear           -3600
    -26     -15    23.6    78.0     3.9   148.0  1020.0 Clouds          -3600
    -22     -15    24.2    68.0     4.6    89.0  1019.0 Clear           -3600
    -18     -15    24.4    72.0     5.3   114.0  1018.0 Clear           -3600
    -14     -15    24.7    76.0     4.9   128.0  1017.0 Clouds          -3600
    -10     -15    25.0    75.0     6.2   126.0  1016.0 Clouds          -3600
     -6     -15    25.5    77.0     6.9   129.0  1015.0 Clouds          -3600
     -2     -15    26.0    83.0     4.5   123.0  1014.0 Rain            -3600
      2     -15    26.9    77.0     3.0   195.0  1014.0 Clouds          -3600
      6     -15    26.1    77.0     2.1   226.0  1014.0 Clouds          -3600
     10     -15    25.4    64.0     1.8   264.0  1014.0 Clear           -3600
     14     -15    27.8    12.0     6.5    72.0  1014.0 Clouds          0
     18     -15    22.8    31.0     5.9    53.0  1017.0 Clouds          0
     22     -15    18.9    49.0     8.3    45.0  1020.0 Clear           3600
     26     -15    18.2    86.0     8.8    36.0  1023.0 Clouds          -3600
     30     -15    18.0    89.0     6.2    15.0  1025.0 Clouds          0
     34     -15    16.7    80.0     2.4   298.0  1025.0 Clouds          -3600
     38     -15    15.6    86.0     6.3   232.0  1021.0 Clouds          -3600
     42     -15    12.9    86.0     7.2   215.0  1016.0 Clouds          -3600
     46     -15    11.9    76.0    10.3   240.0  1009.0 Clouds          -3600
     50     -15    10.4    70.0    11.0   256.0  1001.0 Clouds          -3600
     54     -15    10.1    78.0     6.5   281.0   993.0 Clouds          -3600
     58     -15     8.7    81.0     7.7    98.0   995.0 Clouds          0
     62     -15     7.6    72.0     8.1    67.0  1000.0 Clouds          -3600
     66     -15    -2.2    97.0     1.6   252.0  1006.0 Clouds          0
     70     -15    -4.7    69.0     5.8    28.0  1008.0 Clouds          -3600
     74     -15   -20.7   100.0     1.2   294.0  1011.0 Clouds          -3600
     78     -15   -19.4    96.0     7.7   295.0  1004.0 Clouds          -3600
     82     -15   -22.3    98.0     7.4   298.0  1007.0 Snow            -7200
     86     -15   -20.5    98.0     6.2    37.0  1016.0 Clouds          -3600
     90     -15   -21.1   100.0     0.0   107.0  1024.0 Clouds          0

    -90     -10   -31.6    83.0     0.0    94.0  1002.0 Clouds          46800
    -86     -10   -29.4    86.0     4.2    55.0   995.0 Clear           0
    -82     -10   -24.8    98.0     3.0    17.0   991.0 Clouds          0
    -78     -10   -22.3    87.0     4.4    44.0   990.0 Clouds          0
    -74     -10   -11.9    72.0     8.7    68.0   981.0 Clouds          0
    -70     -10    -2.3    95.0    10.9    58.0   976.0 Snow            0
    -66     -10    -0.6    98.0     6.9   316.0   976.0 Snow            -3600
    -62     -10    -0.7    93.0     9.9   298.0   985.0 Clouds          -3600
    -58     -10     0.8    91.0     9.1   298.0   995.0 Clouds          -3600
    -54     -10     1.3    73.0     2.8   310.0  1002.0 Clouds          -3600
    -50     -10     3.4    83.0     5.8   240.0  1004.0 Clouds          -3600
    -46     -10     6.0    73.0     6.7   218.0  1007.0 Clouds          -3600
    -42     -10    12.4    81.0     7.5   203.0  1009.0 Clouds          0
    -38     -10    19.2    88.0    13.6   300.0  1011.0 Rain            -3600
    -34     -10    21.5    75.0     8.3   289.0  1018.0 Clouds          -3600
    -30     -10    22.0    65.0     0.9    65.0  1020.0 Clouds          -3600
    -26     -10    23.4    71.0     4.1    23.0  1020.0 Clear           -3600
    -22     -10    23.9    69.0     4.7    85.0  1019.0 Rain            -3600
    -18     -10    24.2    70.0     5.8   103.0  1018.0 Rain            -3600
    -14     -10    24.2    77.0     6.4   112.0  1016.0 Clouds          -3600
    -10     -10    24.9    73.0     7.4   121.0  1016.0 Clear           -3600
     -6     -10    25.4    76.0     5.6   125.0  1015.0 Clouds          -3600
     -2     -10    26.5    80.0     5.1   147.0  1014.0 Clouds          -3600
      2     -10    27.0    81.0     4.6   183.0  1014.0 Clear           -3600
      6     -10    29.2    67.0     1.6   272.0  1014.0 Clouds          0
     10     -10    29.9    11.0     1.7    88.0  1015.0 Clear           0
     14     -10    27.0     6.0     4.3    78.0  1015.0 Clouds          0
     18     -10    22.5    29.0     4.6    57.0  1017.0 Clouds          0
     22     -10    20.0    38.0     5.1    14.0  1018.0 Clear           0
     26     -10    18.2    59.0     8.5   356.0  1020.0 Clear           3600
     30     -10    16.7    89.0     5.1   354.0  1021.0 Clouds          -3600
     34     -10    16.2    74.0     3.4    13.0  1024.0 Clouds          -3600
     38     -10    14.3    66.0     7.8   297.0  1022.0 Clouds          -3600
     42     -10    12.3    69.0     7.7   280.0  1017.0 Clouds          -3600
     46     -10    11.4    79.0    12.2   282.0  1008.0 Clear           -3600
     50     -10    10.5    86.0    11.2   287.0   998.0 Clear           -3600
     54     -10     6.2    79.0     1.5   104.0   994.0 Clouds          0
     58     -10     7.9    76.0     5.9   123.0   996.0 Clouds          0
     62     -10     7.6    71.0     9.1   128.0  1001.0 Rain            -3600
     66     -10     3.4    91.0     2.7   106.0  1005.0 Clouds          -3600
     70     -10    -1.2    93.0     7.4    21.0  1006.0 Snow            3600
     74     -10   -11.9    71.0     8.9   334.0  1010.0 Clouds          -3600
     78     -10   -18.4    98.0    11.1   306.0   999.0 Snow            -3600
     82     -10   -14.6    98.0     7.5   296.0  1003.0 Snow            -3600
     86     -10   -18.6    95.0     6.6    51.0  1015.0 Clouds          -3600
     90     -10   -21.1   100.0     0.0   107.0  1024.0 Clouds          0

    -90      -5   -31.6    83.0     0.0    94.0  1002.0 Clouds          46800
    -86      -5   -30.0    87.0     3.9    55.0   996.0 Clouds          7200
    -82      -5   -25.1    98.0     2.9    17.0   992.0 Clouds          7200
    -78      -5   -24.4    91.0     3.8    27.0   992.0 Clouds          7200
    -74      -5   -21.5    84.0     5.5    79.0   984.0 Clouds          7200
    -70      -5    -3.7    83.0     6.7    79.0   979.0 Clouds          7200
    -66      -5    -0.8    96.0     4.5   331.0   978.0 Snow            0
    -62      -5    -1.0    95.0     9.0   281.0   985.0 Snow            0
    -58      -5     0.1    92.0     8.2   276.0   994.0 Clouds          0
    -54      -5     0.5    81.0     3.9   206.0  1000.0 Clear           0
    -50      -5     3.3    82.0     7.2   252.0  1001.0 Clouds          0
    -46      -5     7.9    82.0     6.1   267.0  1005.0 Clouds          0
    -42      -5    13.9    98.0     8.9   261.0  1004.0 Rain            0
    -38      -5    18.2    91.0    12.6   325.0  1013.0 Clouds          0
    -34      -5    20.8    81.0     5.5   294.0  1019.0 Clouds          0
    -30      -5    22.7    82.0     3.2    46.0  1020.0 Rain            0
    -26      -5    23.1    71.0     4.1    85.0  1020.0 Clear           0
    -22      -5    23.1    69.0     7.8   113.0  1019.0 Clouds          0
    -18      -5    23.3    72.0     4.7   149.0  1017.0 Clouds          0
    -14      -5    23.7    73.0     5.5   131.0  1016.0 Clouds          0
    -10      -5    24.3    74.0     6.2   131.0  1015.0 Clouds          0
     -6      -5    25.5    72.0     5.8   143.0  1015.0 Clouds          0
     -2      -5    27.0    79.0     5.5   159.0  1014.0 Clouds          0
      2      -5    27.1    81.0     5.4   198.0  1014.0 Clouds          0
      6      -5    31.1    58.0     2.0   209.0  1014.0 Clouds          0
     10      -5    31.8     8.0     3.1    85.0  1014.0 Clear           0
     14      -5    28.2     6.0     5.8    45.0  1015.0 Clear           0
     18      -5    23.9    15.0     2.3    47.0  1017.0 Clear           0
     22      -5    24.1    25.0     1.6   295.0  1017.0 Clear           0
     26      -5    23.1    31.0     2.1    29.0  1017.0 Clouds          3600
     30      -5    19.6    35.0     5.0    52.0  1017.0 Clouds          3600
     34      -5    13.9    88.0     6.7   290.0  1024.0 Clouds          3600
     38      -5     7.8    80.0     3.1   266.0  1021.0 Clouds          3600
     42      -5     5.3    74.0     9.7   274.0  1014.0 Clear           3600
     46      -5    11.7    83.0    14.6   295.0  1003.0 Clouds          0
     50      -5     7.8    76.0     6.3   264.0   996.0 Clouds          0
     54      -5     7.1    82.0     4.1    90.0   990.0 Clouds          0
     58      -5     3.7    78.0     2.7    96.0   999.0 Clouds          0
     62      -5     5.8    81.0    12.4   140.0  1005.0 Rain            0
     66      -5     3.1    88.0     7.8   177.0  1008.0 Clouds          0
     70      -5     3.1    79.0     7.6   225.0  1006.0 Clouds          0
     74      -5    -9.0    63.0     8.3   296.0  1007.0 Clouds          0
     78      -5   -16.8    97.0    10.0   268.0   995.0 Snow            0
     82      -5   -10.3    95.0     6.2    42.0  1001.0 Clouds          0
     86      -5   -17.6    91.0     7.3    64.0  1015.0 Clouds          0
     90      -5   -21.1   100.0     0.0   107.0  1024.0 Clouds          0

    -90       0   -31.6    83.0     0.0    94.0  1002.0 Clouds          46800
    -86       0   -30.2    87.0     3.7    54.0   996.0 Clouds          7200
    -82       0   -25.7    98.0     3.5    12.0   993.0 Clouds          7200
    -78       0   -26.4    94.0     3.9     7.0   994.0 Clouds          7200
    -74       0   -23.5    88.0     4.4   122.0   990.0 Clouds          7200
    -70       0    -6.7    89.0     3.7   104.0   981.0 Clear           7200
    -66       0    -1.0    76.0     3.5   196.0   980.0 Clouds          0
    -62       0    -0.4    91.0     7.4   251.0   983.0 Clouds          0
    -58       0    -0.1    91.0    10.7   248.0   992.0 Clouds          0
    -54       0     0.6    76.0     5.1   195.0   997.0 Clouds          0
    -50       0     3.6    74.0     9.4   256.0   999.0 Clouds          0
    -46       0     8.3    95.0     6.2   311.0  1005.0 Clouds          0
    -42       0    13.3    85.0    14.7   345.0  1008.0 Rain            0
    -38       0    17.1    75.0     8.8   326.0  1017.0 Clouds          0
    -34       0    21.1    77.0     3.8    20.0  1019.0 Clouds          0
    -30       0    22.4    84.0     2.8   319.0  1020.0 Clear           0
    -26       0    22.9    72.0     5.5   105.0  1020.0 Clouds          0
    -22       0    22.3    77.0     6.3   120.0  1018.0 Clouds          0
    -18       0    23.2    70.0     5.2   141.0  1016.0 Clouds          0
    -14       0    24.1    70.0     3.8   155.0  1015.0 Clouds          0
    -10       0    24.1    74.0     5.0   168.0  1015.0 Clouds          0
     -6       0    25.5    72.0     4.6   168.0  1015.0 Clouds          0
     -2       0    26.4    82.0     5.5   169.0  1014.0 Rain            0
      2       0    27.4    80.0     5.1   213.0  1014.0 Clouds          0
      6       0    31.3    56.0     3.9   227.0  1013.0 Clear           0
     10       0    33.1     9.0     2.3    88.0  1013.0 Clear           0
     14       0    29.8     6.0     4.1    49.0  1015.0 Clear           0
     18       0    26.6     5.0     4.2    40.0  1015.0 Clear           0
     22       0    24.8     8.0     1.7   147.0  1016.0 Clear           3600
     26       0    23.3    28.0     0.4   320.0  1016.0 Clouds          3600
     30       0    19.6    37.0     5.5   321.0  1017.0 Clouds          3600
     34       0    10.1    58.0    14.0   293.0  1017.0 Clouds          3600
     38       0    13.0    62.0    19.3   303.0  1011.0 Clear           3600
     42       0     7.1    58.0    10.4   294.0  1005.0 Clouds          3600
     46       0     9.4    82.0     3.5   220.0  1002.0 Clouds          3600
     50       0     8.2    84.0     7.3   198.0   998.0 Clouds          0
     54       0     6.2    91.0     5.0   150.0   997.0 Clouds          0
     58       0     5.0    79.0    15.4   126.0  1004.0 Clouds          0
     62       0     2.4    83.0    13.9   159.0  1012.0 Rain            0
     66       0     4.7    60.0     9.2   206.0  1011.0 Clouds          0
     70       0     4.1    68.0     6.5   243.0  1007.0 Clouds          0
     74       0    -6.6    64.0     7.3   298.0  1006.0 Clouds          0
     78       0   -13.7    99.0    11.7   229.0   995.0 Clouds          0
     82       0   -10.6    94.0     7.5    56.0  1001.0 Clouds          0
     86       0   -18.1    93.0     7.5    70.0  1015.0 Clouds          0
     90       0   -21.1   100.0     0.0   107.0  1024.0 Clouds          0

    -90       5   -31.6    83.0     0.0    94.0  1002.0 Clouds          46800
    -86       5   -30.5    88.0     3.5    52.0   997.0 Clouds          0
    -82       5   -26.5    97.0     3.2     1.0   993.0 Clouds          0
    -78       5   -27.8    93.0     3.8   357.0   996.0 Clouds          0
    -74       5   -25.0    89.0     4.7    61.0   989.0 Clouds          0
    -70       5    -3.5    66.0     4.5   139.0   979.0 Clear           0
    -66       5    -0.8    79.0    10.2   188.0   976.0 Clouds          0
    -62       5    -0.5    82.0    11.9   229.0   979.0 Clouds          0
    -58       5    -0.2    88.0    10.7   253.0   987.0 Clouds          0
    -54       5     0.4    87.0     4.1   262.0   995.0 Clouds          0
    -50       5     4.3    95.0     8.2   293.0   999.0 Clouds          0
    -46       5     9.0    88.0    10.9   317.0  1008.0 Clouds          0
    -42       5    12.4    78.0     9.7   331.0  1015.0 Clouds          0
    -38       5    16.0    67.0     6.2   321.0  1020.0 Clouds          0
    -34       5    19.3    65.0     0.5   303.0  1021.0 Clouds          0
    -30       5    22.1    86.0     1.3   354.0  1020.0 Clouds          0
    -26       5    21.6    81.0     7.1   115.0  1019.0 Clear           0
    -22       5    22.3    73.0     5.9   109.0  1017.0 Clouds          0
    -18       5    23.1    73.0     3.9   109.0  1015.0 Clouds          0
    -14       5    24.1    61.0     2.2   144.0  1014.0 Clouds          0
    -10       5    24.6    71.0     4.3   172.0  1014.0 Clouds          0
     -6       5    26.0    74.0     4.2   175.0  1014.0 Clouds          0
     -2       5    24.6    84.0     2.5   173.0  1014.0 Rain            3600
      2       5    27.9    76.0     4.3   210.0  1013.0 Clear           0
      6       5    32.3    54.0     2.9   221.0  1013.0 Clear           3600
     10       5    34.4    10.0     1.8   164.0  1013.0 Clouds          3600
     14       5    30.8     8.0     3.3    79.0  1014.0 Clear           3600
     18       5    27.2     5.0     2.2    47.0  1015.0 Clear           3600
     22       5    23.1     6.0     3.3   313.0  1016.0 Clear           3600
     26       5    22.4    13.0     0.5   328.0  1017.0 Clouds          3600
     30       5    21.6    35.0     8.4   294.0  1015.0 Clouds          3600
     34       5    12.4    53.0    10.5   306.0  1011.0 Clouds          3600
     38       5    12.7    67.0    18.7   291.0  1002.0 Rain            0
     42       5    10.6    89.0    13.0     0.0   998.0 Rain            0
     46       5     6.0    82.0     0.8   162.0  1003.0 Clouds          3600
     50       5     5.1    98.0     2.1   176.0  1002.0 Clouds          3600
     54       5     1.8    90.0    13.0   118.0  1002.0 Snow            0
     58       5     2.4    84.0    19.5   113.0  1011.0 Clouds          0
     62       5    -1.6    51.0     3.7   184.0  1015.0 Clouds          3600
     66       5     2.7    89.0     6.7   164.0  1012.0 Clouds          0
     70       5     4.1    75.0     9.9   210.0  1008.0 Clouds          0
     74       5    -2.7    81.0     7.1   298.0  1004.0 Snow            0
     78       5    -7.2    80.0    12.8   227.0   996.0 Clouds          0
     82       5    -9.3    94.0     6.8    70.0  1001.0 Clouds          0
     86       5   -18.5    93.0     7.8    77.0  1016.0 Clouds          0
     90       5   -21.1   100.0     0.0   107.0  1024.0 Clouds          0

    -90      10   -31.6    83.0     0.0    94.0  1002.0 Clouds          46800
    -86      10   -30.4    89.0     3.4    51.0   997.0 Clouds          0
    -82      10   -28.1    97.0     3.2   350.0   995.0 Clouds          0
    -78      10   -29.2    93.0     3.9   349.0   997.0 Clouds          0
    -74      10   -26.7    92.0     3.5    63.0   991.0 Clouds          0
    -70      10    -2.7    78.0     6.0   133.0   977.0 Clouds          0
    -66      10    -0.5    95.0    13.9   174.0   968.0 Snow            3600
    -62      10    -0.7    93.0    16.7   231.0   970.0 Snow            3600
    -58      10    -0.4    80.0    13.3   260.0   983.0 Clouds          3600
    -54      10     0.5    82.0    10.1   286.0   995.0 Clouds          3600
    -50      10     4.2    93.0    11.4   317.0  1002.0 Rain            3600
    -46      10     8.5    81.0    10.2   312.0  1012.0 Clouds          3600
    -42      10    12.1    70.0     7.1   301.0  1018.0 Clouds          3600
    -38      10    15.3    57.0     3.0   328.0  1021.0 Clouds          3600
    -34      10    19.4    80.0     5.3   149.0  1020.0 Clouds          3600
    -30      10    21.6    87.0     3.6   148.0  1019.0 Clouds          3600
    -26      10    21.2    86.0     7.2   137.0  1017.0 Clear           3600
    -22      10    20.7    82.0     4.8   143.0  1015.0 Clouds          3600
    -18      10    21.2    77.0     1.7   182.0  1014.0 Clouds          3600
    -14      10    22.9    77.0     3.0   191.0  1014.0 Clouds          3600
    -10      10    25.1    73.0     4.3   171.0  1013.0 Clouds          3600
     -6      10    26.8    74.0     3.9   201.0  1014.0 Clouds          3600
     -2      10    24.4    89.0     0.7   186.0  1014.0 Clouds          3600
      2      10    29.8    58.0     1.4   236.0  1014.0 Clouds          3600
      6      10    27.7    14.0     3.4    20.0  1014.0 Clouds          3600
     10      10    32.8     9.0     1.3   348.0  1013.0 Clouds          3600
     14      10    31.1     4.0     2.4    79.0  1013.0 Clear           3600
     18      10    26.7     6.0     1.9   152.0  1015.0 Clouds          3600
     22      10    23.2     7.0     0.3   160.0  1015.0 Clear           3600
     26      10    22.4    17.0     2.6   275.0  1016.0 Clear           7200
     30      10    22.2    35.0     8.8   271.0  1012.0 Clouds          7200
     34      10    16.9    77.0     8.2   240.0  1003.0 Clouds          3600
     38      10    13.5    78.0    13.6   262.0   997.0 Rain            3600
     42      10    13.1    72.0     4.2   141.0   998.0 Clouds          3600
     46      10    -2.9    82.0     0.2    12.0  1004.0 Clouds          3600
     50      10     3.6    97.0     2.1    78.0  1006.0 Clouds          3600
     54      10    -2.2    89.0     6.3    90.0  1009.0 Clouds          3600
     58      10    -1.0    74.0    12.2   112.0  1019.0 Clouds          3600
     62      10   -11.7    93.0     4.8   180.0  1025.0 Clouds          3600
     66      10    -0.7    65.0    12.5   163.0  1016.0 Clouds          3600
     70      10     3.0    75.0    12.5   194.0  1012.0 Rain            3600
     74      10     3.0    83.0    12.3   215.0  1005.0 Rain            3600
     78      10    -1.1    95.0    10.2   251.0   996.0 Snow            3600
     82      10    -7.7    96.0     5.1    88.0  1001.0 Clouds          3600
     86      10   -18.9    94.0     8.0    85.0  1016.0 Clouds          3600
     90      10   -21.1   100.0     0.0   107.0  1024.0 Clouds          0

    -90      15   -31.6    83.0     0.0    94.0  1002.0 Clouds          46800
    -86      15   -30.9    91.0     3.3    44.0   998.0 Clouds          0
    -82      15   -28.0    91.0     3.7   338.0   995.0 Clouds          0
    -78      15   -30.5    94.0     4.1   339.0   998.0 Clouds          0
    -74      15   -27.2    91.0     3.4   101.0   992.0 Clouds          0
    -70      15    -3.0    88.0    10.8   119.0   975.0 Clouds          0
    -66      15    -0.1    98.0     8.9   150.0   960.0 Snow            3600
    -62      15     0.2    98.0    12.7   238.0   958.0 Snow            3600
    -58      15    -0.1    79.0    16.2   266.0   978.0 Clouds          3600
    -54      15     0.3    84.0    14.1   282.0   995.0 Clouds          3600
    -50      15     4.2    79.0    11.4   299.0  1006.0 Clouds          3600
    -46      15     7.3    77.0     8.2   296.0  1015.0 Clouds          3600
    -42      15    11.7    67.0     5.5   267.0  1020.0 Clouds          3600
    -38      15    16.7    61.0     3.5   186.0  1020.0 Clouds          3600
    -34      15    20.4    74.0     7.1   153.0  1019.0 Clouds          3600
    -30      15    19.9    90.0     6.5   163.0  1016.0 Clear           3600
    -26      15    20.1    65.0     4.2   288.0  1014.0 Clouds          7200
    -22      15    27.4    34.0     4.1   238.0  1013.0 Clear           7200
    -18      15    26.8    55.0     3.5   104.0  1012.0 Clouds          7200
    -14      15    20.1    76.0     0.7   260.0  1015.0 Clouds          3600
    -10      15    21.5    70.0     0.6    45.0  1014.0 Clouds          3600
     -6      15    21.6    85.0     1.4   307.0  1014.0 Clouds          3600
     -2      15    28.6    58.0     2.7   239.0  1013.0 Clouds          3600
      2      15    33.6    39.0     2.2   255.0  1012.0 Clouds          3600
      6      15    33.5    16.0     0.7   357.0  1012.0 Clear           3600
     10      15    34.6     7.0     4.7    21.0  1011.0 Clouds          3600
     14      15    32.0     5.0     5.5    41.0  1012.0 Clear           3600
     18      15    27.4     6.0     2.7    88.0  1014.0 Clear           3600
     22      15    25.6     4.0     1.4   197.0  1014.0 Clouds          3600
     26      15    22.9     6.0     3.8   234.0  1014.0 Clear           7200
     30      15    21.5    38.0     7.7   253.0  1011.0 Clouds          7200
     34      15    17.9    74.0    14.2   230.0  1005.0 Clouds          3600
     38      15     8.2    73.0     3.9   175.0  1001.0 Clouds          3600
     42      15    10.9    69.0     3.0   130.0  1002.0 Clouds          3600
     46      15     3.8    86.0     1.0    92.0  1006.0 Clouds          3600
     50      15    -1.2    91.0     3.2    77.0  1008.0 Clouds          3600
     54      15    -7.6    78.0     8.2   110.0  1016.0 Clouds          3600
     58      15    -4.1    70.0     5.4   124.0  1024.0 Clouds          3600
     62      15   -11.0    94.0     2.2   176.0  1029.0 Clouds          3600
     66      15   -11.8    82.0     3.9   158.0  1025.0 Clouds          3600
     70      15     0.3    62.0     9.2   200.0  1016.0 Clouds          3600
     74      15     3.4    69.0    12.0   215.0  1008.0 Clouds          3600
     78      15    -5.7    98.0     4.1   134.0  1000.0 Snow            3600
     82      15    -5.4    92.0    10.3   105.0  1002.0 Clouds          3600
     86      15   -19.7    95.0     7.9    92.0  1017.0 Clouds          3600
     90      15   -21.1   100.0     0.0   107.0  1024.0 Clouds          0

    -90      20   -31.6    83.0     0.0    94.0  1002.0 Clouds          46800
    -86      20   -30.8    92.0     3.2    36.0   998.0 Clouds          0
    -82      20   -27.1    86.0     4.4   335.0   994.0 Clouds          0
    -78      20   -31.6    94.0     4.0   334.0  1000.0 Clouds          0
    -74      20   -25.7    87.0     4.4   101.0   990.0 Clear           0
    -70      20    -3.4    95.0    11.7   122.0   974.0 Snow            0
    -66      20     0.4    99.0     4.5    56.0   960.0 Clouds          3600
    -62      20     0.4    98.0     3.1   328.0   957.0 Clouds          3600
    -58      20     0.1    79.0    18.3   272.0   974.0 Clouds          3600
    -54      20     0.7    86.0    15.8   280.0   993.0 Clouds          3600
    -50      20     3.0    82.0    11.3   281.0  1007.0 Clouds          3600
    -46      20     6.6    76.0     8.3   272.0  1016.0 Clouds          3600
    -42      20    12.3    63.0     5.3   237.0  1019.0 Clouds          3600
    -38      20    19.2    67.0     6.7   181.0  1018.0 Clouds          3600
    -34      20    29.4    35.0     3.6   145.0  1015.0 Clear           7200
    -30      20    32.8    16.0     3.4   236.0  1011.0 Clear           7200
    -26      20    34.0    22.0     3.3   103.0  1011.0 Clouds          7200
    -22      20    30.0    35.0     3.2    64.0  1012.0 Clear           7200
    -18      20    29.5    47.0     2.4   105.0  1011.0 Rain            7200
    -14      20    27.7    53.0     1.0   167.0  1011.0 Rain            3600
    -10      20    26.4    54.0     1.8   210.0  1011.0 Clouds          3600
     -6      20    25.7    69.0     1.9    16.0  1014.0 Clouds          7200
     -2      20    21.4    96.0     3.4   211.0  1014.0 Clouds          3600
      2      20    31.8    47.0     2.0   207.0  1011.0 Rain            3600
      6      20    37.2     9.0     1.8    99.0  1010.0 Clouds          3600
     10      20    35.5     8.0     3.5   103.0  1010.0 Clouds          3600
     14      20    32.2     8.0     0.7    88.0  1011.0 Clouds          3600
     18      20    28.3     8.0     5.9    70.0  1013.0 Clear           3600
     22      20    24.4    10.0     4.2   182.0  1015.0 Clouds          7200
     26      20    24.7    11.0     4.7   250.0  1014.0 Clear           7200
     30      20    21.4    50.0     2.2   232.0  1011.0 Clear           7200
     34      20    16.8    77.0     6.9   245.0  1008.0 Clouds          3600
     38      20    14.2    69.0     5.5   235.0  1005.0 Clouds          7200
     42      20     8.0    68.0     0.5   152.0  1003.0 Clouds          3600
     46      20     2.8    97.0     1.6     3.0  1007.0 Clouds          3600
     50      20    -6.8    42.0     7.7    70.0  1012.0 Clouds          3600
     54      20   -11.3    77.0     6.9    97.0  1023.0 Clouds          3600
     58      20    -2.9    63.0     8.0   119.0  1029.0 Clouds          3600
     62      20    -4.8    72.0     6.5   155.0  1032.0 Clouds          7200
     66      20   -18.2    92.0     2.1   100.0  1032.0 Clouds          3600
     70      20    -5.2    57.0     3.6   192.0  1019.0 Clouds          3600
     74      20     3.0    65.0    10.0   216.0  1010.0 Clouds          3600
     78      20    -6.8    96.0     0.5    21.0  1004.0 Clouds          3600
     82      20    -5.6    93.0    10.1   112.0  1004.0 Clouds          3600
     86      20   -20.6    95.0     7.8    99.0  1018.0 Clouds          3600
     90      20   -21.1   100.0     0.0   107.0  1024.0 Clouds          0

    -90      25   -31.6    83.0     0.0    94.0  1002.0 Clouds          46800
    -86      25   -30.0    92.0     3.4    29.0   997.0 Clouds          0
    -82      25   -28.8    88.0     4.8   343.0   996.0 Clouds          0
    -78      25   -32.1    94.0     4.0   326.0  1000.0 Clouds          0
    -74      25   -25.6    89.0     5.1    94.0   991.0 Clouds          0
    -70      25    -2.2    95.0    11.4   107.0   975.0 Snow            0
    -66      25     0.5    99.0     6.1    52.0   962.0 Snow            7200
    -62      25     0.1    98.0     6.0   344.0   960.0 Clouds          7200
    -58      25     0.8    91.0    17.4   275.0   971.0 Clouds          7200
    -54      25     0.6    78.0    17.4   278.0   992.0 Clouds          7200
    -50      25     3.3    81.0    12.7   276.0  1007.0 Clouds          7200
    -46      25     7.4    73.0     8.6   255.0  1015.0 Clouds          7200
    -42      25    13.7    70.0     6.3   208.0  1017.0 Clouds          7200
    -38      25    20.0    90.0     7.8   161.0  1016.0 Clear           7200
    -34      25    23.8    76.0     6.5   175.0  1015.0 Clouds          7200
    -30      25    32.7    14.0     3.9   274.0  1009.0 Clear           7200
    -26      25    32.6    28.0     1.5   312.0  1011.0 Clouds          7200
    -22      25    31.3    33.0     2.7    92.0  1012.0 Clear           7200
    -18      25    28.3    37.0     3.8   118.0  1011.0 Clear           7200
    -14      25    27.7    55.0     1.4   134.0  1010.0 Clouds          7200
    -10      25    24.7    75.0     0.4   283.0  1011.0 Rain            7200
     -6      25    20.6    96.0     1.6   206.0  1014.0 Rain            7200
     -2      25    28.4    62.0     2.3   226.0  1012.0 Rain            7200
      2      25    33.1    38.0     2.4   244.0  1011.0 Clouds          7200
      6      25    39.8    10.0     1.4     6.0  1008.0 Clouds          3600
     10      25    33.1     7.0     3.2    58.0  1011.0 Clouds          7200
     14      25    26.9     7.0     2.5   162.0  1013.0 Clouds          7200
     18      25    23.7    12.0     2.5    69.0  1015.0 Clear           7200
     22      25    23.8    11.0     1.0   147.0  1015.0 Clouds          7200
     26      25    25.8     8.0     6.7   233.0  1014.0 Clouds          7200
     30      25    22.3    14.0     5.3   218.0  1011.0 Clouds          7200
     34      25    16.8    72.0     9.9   268.0  1009.0 Clouds          7200
     38      25    17.8    61.0     5.5   285.0  1002.0 Clear           7200
     42      25     4.6   100.0     2.6   110.0  1005.0 Mist            7200
     46      25     0.8    83.0     2.9    93.0  1006.0 Clouds          7200
     50      25   -10.8    85.0     4.5    69.0  1017.0 Clouds          7200
     54      25   -12.5    79.0     5.5    69.0  1025.0 Clear           10800
     58      25   -12.3    83.0     2.9    69.0  1031.0 Clouds          7200
     62      25   -21.8    84.0     1.0   360.0  1035.0 Clear           7200
     66      25   -23.2   100.0     1.3   158.0  1035.0 Clouds          7200
     70      25   -12.6    67.0    12.3   170.0  1025.0 Clouds          3600
     74      25     2.7    61.0     8.2   228.0  1012.0 Clouds          7200
     78      25    -3.2    95.0     7.1   153.0  1005.0 Snow            3600
     82      25    -6.0    94.0    10.3   119.0  1007.0 Snow            7200
     86      25   -21.6    95.0     7.7   106.0  1019.0 Clouds          7200
     90      25   -21.1   100.0     0.0   107.0  1024.0 Clouds          0

    -90      30   -31.6    83.0     0.0    94.0  1002.0 Clouds          46800
    -86      30   -30.2    92.0     3.6    23.0   996.0 Clouds          10800
    -82      30   -29.4    90.0     4.5   344.0   996.0 Clouds          10800
    -78      30   -31.9    94.0     3.8   314.0   999.0 Clouds          10800
    -74      30   -23.1    83.0     4.8   125.0   991.0 Clouds          10800
    -70      30    -2.6    96.0    10.2    91.0   977.0 Snow            10800
    -66      30     0.7    99.0     5.9    38.0   966.0 Clouds          7200
    -62      30     0.0    98.0     7.8     0.0   964.0 Snow            7200
    -58      30     1.4    97.0    13.8   311.0   972.0 Clouds          7200
    -54      30     1.7    84.0    18.6   281.0   991.0 Clouds          7200
    -50      30     3.6    80.0    13.0   276.0  1007.0 Clouds          7200
    -46      30     7.5    75.0     7.8   246.0  1014.0 Clouds          7200
    -42      30    13.1    85.0     7.8   186.0  1015.0 Clouds          7200
    -38      30    21.1    65.0     2.3   199.0  1016.0 Clear           7200
    -34      30    23.3    80.0     5.1   167.0  1015.0 Clouds          7200
    -30      30    28.4    43.0     3.1   144.0  1012.0 Clear           7200
    -26      30    30.3    27.0     1.1   116.0  1013.0 Clear           7200
    -22      30    29.6    43.0     3.8   106.0  1012.0 Clouds          7200
    -18      30    24.8    58.0     2.0   106.0  1012.0 Clouds          7200
    -14      30    24.6    65.0     3.0    99.0  1011.0 Clouds          7200
    -10      30    23.2    70.0     3.0   326.0  1011.0 Rain            7200
     -6      30    24.7    76.0     2.8   307.0  1011.0 Rain            10800
     -2      30    26.0    54.0     2.6   140.0  1009.0 Clouds          7200
      2      30    29.5    31.0     2.0   270.0  1010.0 Clouds          7200
      6      30    37.2    15.0     3.5    44.0  1008.0 Clouds          7200
     10      30    36.4     8.0     2.7    29.0  1009.0 Clear           7200
     14      30    28.6     7.0     3.9    30.0  1013.0 Clouds          7200
     18      30    24.8    10.0     3.6    35.0  1016.0 Clear           7200
     22      30    25.5    12.0     2.4    45.0  1015.0 Clear           7200
     26      30    24.2    12.0     2.6   215.0  1014.0 Clouds          7200
     30      30    25.5    15.0     8.5   216.0  1012.0 Clear           7200
     34      30    17.7    77.0    10.5   223.0  1009.0 Clouds          7200
     38      30     9.9    72.0     5.8   184.0  1004.0 Clouds          10800
     42      30     6.8    81.0     5.7    24.0  1006.0 Clouds          7200
     46      30    -2.8    80.0     7.6   348.0  1007.0 Clouds          7200
     50      30   -12.2    91.0     6.1    17.0  1014.0 Clouds          7200
     54      30   -15.0    66.0     4.0    30.0  1023.0 Clear           10800
     58      30   -13.6    89.0     3.0    47.0  1031.0 Clouds          10800
     62      30   -16.0    93.0     0.7    28.0  1035.0 Clouds          7200
     66      30   -18.9    96.0     1.4   289.0  1035.0 Clouds          10800
     70      30    -8.8    73.0    10.8   260.0  1026.0 Clouds          3600
     74      30     2.6    62.0     8.2   250.0  1014.0 Clouds          7200
     78      30    -5.6    88.0     5.4   147.0  1008.0 Clouds          3600
     82      30    -8.2    92.0    10.3   120.0  1010.0 Clouds          7200
     86      30   -22.8    95.0     7.5   113.0  1020.0 Clouds          7200
     90      30   -21.1   100.0     0.0   107.0  1024.0 Clouds          0

    -90      35   -31.6    83.0     0.0    94.0  1002.0 Clouds          46800
    -86      35   -30.8    92.0     3.6    17.0   997.0 Clouds          10800
    -82      35   -29.0    93.0     4.5   330.0   994.0 Clouds          10800
    -78      35   -31.1    94.0     3.7   295.0   996.0 Clouds          10800
    -74      35   -22.6    85.0     3.1   105.0   989.0 Clouds          10800
    -70      35    -7.3    95.0    10.1    77.0   980.0 Snow            10800
    -66      35     0.4    98.0     8.9    39.0   970.0 Snow            7200
    -62      35     1.2    98.0     9.5   342.0   969.0 Snow            7200
    -58      35     1.7    92.0    14.2   321.0   977.0 Clouds          7200
    -54      35     2.5    86.0    17.1   300.0   991.0 Clouds          7200
    -50      35     4.6    81.0    12.2   286.0  1006.0 Clouds          7200
    -46      35     8.8    91.0     7.0   220.0  1013.0 Rain            7200
    -42      35    15.4    87.0     3.9   334.0  1017.0 Clear           7200
    -38      35    21.9    82.0     1.7   357.0  1014.0 Rain            7200
    -34      35    24.2    79.0     2.7   349.0  1014.0 Rain            7200
    -30      35    25.8    78.0     2.0   357.0  1014.0 Clear           7200
    -26      35    26.5    72.0     4.2    86.0  1013.0 Clouds          7200
    -22      35    32.5    45.0     3.4   118.0  1010.0 Clouds          7200
    -18      35    33.9    33.0     3.4   229.0  1009.0 Clear           7200
    -14      35    25.7    70.0     3.4   162.0  1010.0 Rain            7200
    -10      35    22.3    86.0     1.3    81.0  1012.0 Rain            10800
     -6      35    31.0    47.0     0.8    39.0  1010.0 Clouds          10800
     -2      35    28.3    31.0     1.1   307.0  1009.0 Clouds          10800
      2      35    31.2    23.0     6.4    69.0  1009.0 Clear           10800
      6      35    33.4    24.0     4.0   135.0  1009.0 Clear           7200
     10      35    28.6    21.0     2.9     1.0  1010.0 Clear           10800
     14      35    32.7    18.0     3.3     6.0  1010.0 Clear           7200
     18      35    29.2    25.0     2.8    43.0  1011.0 Clear           7200
     22      35    27.4     9.0     1.9    43.0  1013.0 Clear           7200
     26      35    22.4    50.0     2.2   161.0  1015.0 Clear           7200
     30      35    22.5    28.0     4.8   199.0  1014.0 Clear           7200
     34      35    18.0    83.0    10.8   191.0  1013.0 Clouds          7200
     38      35     4.0    85.0     4.2   180.0  1008.0 Clouds          10800
     42      35    10.8    83.0     5.5   296.0  1007.0 Clouds          10800
     46      35     2.5    96.0     5.5   230.0  1000.0 Clouds          7200
     50      35    -8.6    91.0     7.1    15.0  1007.0 Clouds          7200
     54      35   -14.1    88.0     6.5    28.0  1019.0 Clear           10800
     58      35   -17.1    92.0     3.2    39.0  1029.0 Clouds          10800
     62      35   -16.3    97.0     2.3    39.0  1034.0 Clouds          10800
     66      35   -13.5    98.0     3.4   251.0  1033.0 Clouds          10800
     70      35    -2.8    67.0    12.9   263.0  1025.0 Clouds          7200
     74      35     2.5    81.0     9.6   276.0  1014.0 Rain            7200
     78      35    -7.5    97.0     2.7   173.0  1010.0 Clouds          7200
     82      35   -10.4    93.0     9.7   122.0  1012.0 Clouds          7200
     86      35   -24.2    96.0     7.0   118.0  1021.0 Clouds          7200
     90      35   -21.1   100.0     0.0   107.0  1024.0 Clouds          0

    -90      40   -31.6    83.0     0.0    94.0  1002.0 Clouds          46800
    -86      40   -31.9    92.0     3.4    11.0   997.0 Clouds          10800
    -82      40   -30.2    95.0     3.6   324.0   994.0 Clouds          10800
    -78      40   -30.4    95.0     3.5   263.0   994.0 Clouds          10800
    -74      40   -23.9    85.0     1.8   171.0   989.0 Clouds          10800
    -70      40    -4.1    69.0     2.8    14.0   981.0 Clouds          10800
    -66      40     0.3    98.0    11.5    50.0   976.0 Snow            10800
    -62      40     1.8    97.0    11.4   350.0   974.0 Snow            10800
    -58      40     2.9    97.0    12.7   322.0   982.0 Clouds          10800
    -54      40     4.0    95.0    14.8   308.0   995.0 Clouds          10800
    -50      40     6.9    94.0    15.9   328.0  1007.0 Rain            10800
    -46      40     9.8    89.0    11.5   348.0  1017.0 Clouds          10800
    -42      40    15.9    80.0     7.8    11.0  1020.0 Clouds          10800
    -38      40    18.6    83.0     7.3    48.0  1019.0 Clouds          10800
    -34      40    22.6    73.0     5.9    63.0  1016.0 Clear           10800
    -30      40    24.5    66.0     5.3   119.0  1015.0 Clear           10800
    -26      40    25.8    77.0     6.6   139.0  1011.0 Rain            10800
    -22      40    27.8    66.0     5.4   173.0  1009.0 Clear           10800
    -18      40    28.1    71.0     7.5   221.0  1008.0 Clouds          10800
    -14      40    27.1    77.0     1.7   230.0  1009.0 Rain            7200
    -10      40    26.4    81.0     4.5   321.0  1011.0 Clouds          10800
     -6      40    27.2    75.0     8.5    21.0  1011.0 Clouds          10800
     -2      40    35.2    33.0     3.5    29.0  1010.0 Clouds          10800
      2      40    34.7    28.0     5.3    81.0  1010.0 Clear           10800
      6      40    30.4    27.0     6.6    81.0  1011.0 Clear           10800
     10      40    28.2    30.0     4.9    68.0  1013.0 Clouds          10800
     14      40    28.2    46.0     5.3   119.0  1013.0 Clear           10800
     18      40    25.0    75.0     2.1   125.0  1014.0 Clouds          10800
     22      40    28.3    31.0     4.9   249.0  1013.0 Clear           10800
     26      40    21.4    12.0     5.3   246.0  1015.0 Clear           10800
     30      40    20.2    22.0     5.7   254.0  1014.0 Clear           10800
     34      40    16.3    51.0     5.4   254.0  1013.0 Clouds          10800
     38      40     6.0    97.0     1.8   312.0  1016.0 Clouds          10800
     42      40    11.0    81.0     2.2   148.0  1007.0 Rain            10800
     46      40     6.8    93.0     3.8   180.0  1004.0 Clouds          10800
     50      40     0.4    99.0     3.6   152.0  1001.0 Snow            10800
     54      40   -13.2    94.0     8.7    29.0  1014.0 Snow            10800
     58      40   -18.1    84.0     4.3    25.0  1027.0 Clouds          10800
     62      40   -21.7    91.0     1.9    45.0  1034.0 Clouds          10800
     66      40    -8.1    80.0     6.7   232.0  1033.0 Clouds          10800
     70      40     0.3    68.0    14.2   285.0  1022.0 Clouds          10800
     74      40    -0.6    91.0     4.3   236.0  1014.0 Clouds          10800
     78      40    -7.5    85.0     6.3   120.0  1012.0 Clouds          10800
     82      40   -11.9    97.0     8.4   126.0  1015.0 Clouds          10800
     86      40   -25.2    97.0     6.7   122.0  1022.0 Clouds          10800
     90      40   -21.1   100.0     0.0   107.0  1024.0 Clouds          0

    -90      45   -31.6    83.0     0.0    94.0  1002.0 Clouds          46800
    -86      45   -32.5    91.0     3.2     7.0   998.0 Clouds          10800
    -82      45   -32.1    97.0     2.9   323.0   997.0 Clouds          10800
    -78      45   -30.5    94.0     3.5   225.0   994.0 Clouds          10800
    -74      45   -23.9    85.0     3.6   221.0   988.0 Clouds          10800
    -70      45   -11.4    66.0     3.3    37.0   982.0 Clouds          10800
    -66      45    -0.5    98.0     8.9    54.0   983.0 Snow            10800
    -62      45     1.6    97.0    13.6     6.0   981.0 Snow            10800
    -58      45     3.6    94.0    17.3   340.0   989.0 Rain            10800
    -54      45     4.0    89.0    18.2   346.0  1002.0 Rain            10800
    -50      45     5.7    89.0    14.6   342.0  1015.0 Clouds          10800
    -46      45     8.0    85.0     9.9   352.0  1023.0 Clouds          10800
    -42      45    12.4    72.0     5.0    53.0  1024.0 Clouds          10800
    -38      45    17.6    77.0     6.0    95.0  1021.0 Clouds          10800
    -34      45    22.0    76.0     9.0   103.0  1016.0 Rain            10800
    -30      45    23.9    72.0     8.4   134.0  1013.0 Clouds          10800
    -26      45    26.5    72.0     7.4   122.0  1010.0 Clouds          10800
    -22      45    33.6    42.0     1.1    85.0  1005.0 Clouds          10800
    -18      45    22.6    91.0     6.5   222.0  1004.0 Rain            10800
    -14      45    27.0    83.0    13.4   309.0  1009.0 Rain            10800
    -10      45    27.9    73.0     8.3   350.0  1010.0 Clouds          14400
     -6      45    27.6    72.0     7.5    30.0  1010.0 Clouds          10800
     -2      45    26.2    86.0     8.3    48.0  1011.0 Clouds          10800
      2      45    34.0    32.0     8.5    91.0  1009.0 Clear           10800
      6      45    31.7    25.0     8.4    67.0  1011.0 Clear           10800
     10      45    20.5    35.0     4.4    15.0  1015.0 Clear           10800
     14      45    24.5    27.0     1.8   158.0  1014.0 Clouds          10800
     18      45    25.4    23.0     5.7   137.0  1015.0 Clouds          10800
     22      45    25.1    21.0     6.8   175.0  1016.0 Clear           10800
     26      45    23.9    27.0     6.3   243.0  1015.0 Clear           10800
     30      45    20.3    22.0     2.1   196.0  1014.0 Clear           10800
     34      45    19.2    33.0     7.3   156.0  1016.0 Clouds          10800
     38      45     1.9    89.0     2.2   144.0  1017.0 Clouds          12600
     42      45     9.1    44.0     1.8   274.0  1008.0 Clouds          14400
     46      45     3.4    98.0     1.7   138.0  1008.0 Clouds          10800
     50      45     0.2   100.0     5.2   133.0  1009.0 Clouds          10800
     54      45    -9.7    95.0     6.0    55.0  1012.0 Snow            10800
     58      45   -18.1    92.0     3.9    39.0  1025.0 Clouds          10800
     62      45   -24.4    89.0     1.8    52.0  1034.0 Clouds          10800
     66      45   -20.6    93.0     2.5   218.0  1034.0 Clouds          10800
     70      45    -1.4    96.0    16.2   231.0  1019.0 Snow            10800
     74      45    -1.8    88.0     7.4   187.0  1014.0 Snow            10800
     78      45    -6.5    93.0     8.8   130.0  1014.0 Clouds          10800
     82      45   -14.5    96.0     7.0   129.0  1017.0 Clouds          10800
     86      45   -26.0    97.0     6.2   125.0  1023.0 Clouds          10800
     90      45   -21.1   100.0     0.0   107.0  1024.0 Clouds          0

    -90      50   -31.6    83.0     0.0    94.0  1002.0 Clouds          46800
    -86      50   -33.1    90.0     3.3     6.0   999.0 Clouds          10800
    -82      50   -33.2    96.0     2.1   314.0   998.0 Clouds          10800
    -78      50   -31.5    90.0     4.1   203.0   997.0 Clouds          10800
    -74      50   -23.8    84.0     5.1   231.0   988.0 Clouds          10800
    -70      50   -15.2    60.0     2.2   142.0   986.0 Clouds          10800
    -66      50    -0.9    91.0     1.9   296.0   987.0 Clouds          10800
    -62      50     1.0    98.0    11.6   356.0   989.0 Clouds          10800
    -58      50     2.8    94.0    15.7   338.0   998.0 Rain            10800
    -54      50     3.6    88.0    14.3   333.0  1011.0 Clouds          10800
    -50      50     5.2    82.0    11.1   331.0  1022.0 Clouds          10800
    -46      50     7.2    77.0     6.7   351.0  1027.0 Clouds          18000
    -42      50    13.1    68.0     6.6    75.0  1026.0 Clouds          10800
    -38      50    17.7    75.0     8.5   108.0  1021.0 Clouds          10800
    -34      50    21.4    88.0    10.2   132.0  1014.0 Clouds          10800
    -30      50    24.1    81.0     7.3   156.0  1011.0 Clear           10800
    -26      50    26.1    77.0     4.9   158.0  1009.0 Clouds          10800
    -22      50    26.9    74.0     3.4    42.0  1009.0 Clouds          10800
    -18      50    26.3    85.0     4.8    10.0  1009.0 Rain            10800
    -14      50    32.9    50.0     2.2   354.0  1007.0 Clouds          10800
    -10      50    27.6    71.0     6.2   343.0  1011.0 Clouds          14400
     -6      50    27.4    75.0     3.7   356.0  1011.0 Clouds          10800
     -2      50    27.2    81.0     6.5    32.0  1011.0 Clouds          10800
      2      50    25.7    87.0     8.8    25.0  1011.0 Clouds          10800
      6      50    25.2    73.0     8.5    23.0  1013.0 Clear           10800
     10      50    27.1    36.0     7.9    52.0  1014.0 Clear           10800
     14      50    23.5    72.0     5.5    78.0  1016.0 Clouds          10800
     18      50    27.9    18.0     4.5    66.0  1015.0 Clouds          10800
     22      50    25.4    13.0     1.6   159.0  1017.0 Clear           10800
     26      50    21.7    30.0     2.8   147.0  1017.0 Clear           10800
     30      50    16.8    55.0     1.7    58.0  1017.0 Clear           12600
     34      50     9.9    40.0     3.6   243.0  1013.0 Clouds          12600
     38      50    12.6    73.0     4.9   175.0  1008.0 Clear           10800
     42      50     7.5    81.0     9.6   157.0  1003.0 Clouds          10800
     46      50     0.1    87.0     6.1   107.0  1010.0 Clouds          10800
     50      50    -1.0    91.0     5.1   135.0  1014.0 Clouds          18000
     54      50    -5.9    95.0     3.1   139.0  1015.0 Clouds          14400
     58      50   -17.3    91.0     5.6    44.0  1024.0 Clouds          10800
     62      50   -26.9    92.0     2.2    34.0  1034.0 Clouds          10800
     66      50   -24.9   100.0     1.3   213.0  1034.0 Clouds          10800
     70      50    -9.8    77.0     9.1   192.0  1026.0 Clouds          10800
     74      50    -5.8    73.0    15.8   176.0  1020.0 Clouds          10800
     78      50    -5.9    73.0     5.4   146.0  1017.0 Clouds          10800
     82      50   -18.1    99.0     5.4   125.0  1019.0 Clouds          10800
     86      50   -26.8    99.0     6.1   127.0  1024.0 Clouds          10800
     90      50   -21.1   100.0     0.0   107.0  1024.0 Clouds          0

    -90      55   -31.6    83.0     0.0    94.0  1002.0 Clouds          46800
    -86      55   -33.7    91.0     3.5     7.0  1001.0 Clouds          10800
    -82      55   -33.8    95.0     1.6   309.0   998.0 Clouds          10800
    -78      55   -31.1    88.0     5.0   190.0   996.0 Clouds          10800
    -74      55   -22.2    80.0     6.1   226.0   987.0 Clouds          10800
    -70      55   -18.2    74.0     4.7   226.0   985.0 Clouds          10800
    -66      55     1.6    73.0     8.2   279.0   981.0 Clouds          10800
    -62      55     0.8    91.0    10.4   305.0   995.0 Clouds          14400
    -58      55     1.9    91.0    11.6   322.0  1005.0 Clouds          14400
    -54      55     3.5    89.0    11.5   308.0  1016.0 Clouds          14400
    -50      55     4.9    85.0     8.6   304.0  1025.0 Clouds          14400
    -46      55     7.0    71.0     3.3   332.0  1030.0 Clear           14400
    -42      55    13.2    65.0     8.3    93.0  1027.0 Clouds          14400
    -38      55    17.4    84.0    13.4   112.0  1019.0 Clouds          14400
    -34      55    20.7    94.0     9.4   109.0  1012.0 Rain            14400
    -30      55    25.0    79.0     3.1    93.0  1008.0 Clouds          14400
    -26      55    26.0    75.0     3.6   298.0  1008.0 Clear           14400
    -22      55    26.5    73.0     1.2   347.0  1009.0 Clouds          14400
    -18      55    27.3    70.0     2.4   325.0  1009.0 Clouds          14400
    -14      55    27.7    76.0     3.3   302.0  1010.0 Rain            14400
    -10      55    27.8    77.0     6.5   324.0  1010.0 Clouds          14400
     -6      55    28.0    75.0     5.7     7.0  1011.0 Rain            14400
     -2      55    27.6    76.0     7.5    48.0  1010.0 Clouds          14400
      2      55    27.4    79.0     7.5    40.0  1011.0 Rain            14400
      6      55    25.8    80.0     8.6    35.0  1012.0 Clear           14400
     10      55    24.4    66.0     6.8    55.0  1014.0 Clouds          14400
     14      55    23.6    66.0     7.1    56.0  1015.0 Clouds          14400
     18      55    26.8    28.0     2.9    21.0  1015.0 Clear           14400
     22      55    26.0    19.0     4.1   338.0  1017.0 Clear           10800
     26      55    23.0    56.0     5.1   280.0  1016.0 Haze            12600
     30      55    13.7    25.0     4.4   245.0  1013.0 Clear           12600
     34      55    14.6    27.0     5.5   273.0  1012.0 Clear           12600
     38      55    17.6    32.0     3.5    75.0  1009.0 Clear           18000
     42      55     6.2    42.0     6.3   127.0  1013.0 Clear           18000
     46      55     0.5    85.0     5.7   117.0  1016.0 Clouds          18000
     50      55    -4.3    87.0     3.5   132.0  1019.0 Clouds          18000
     54      55    -2.9    94.0     4.0   186.0  1019.0 Clouds          18000
     58      55   -16.5    87.0     4.1    29.0  1024.0 Clouds          18000
     62      55   -26.5    93.0     1.8     6.0  1032.0 Clouds          10800
     66      55   -29.7    99.0     1.1   276.0  1033.0 Clouds          10800
     70      55   -15.2    97.0     4.8   189.0  1029.0 Clouds          14400
     74      55   -24.3    85.0     3.9   138.0  1025.0 Clouds          10800
     78      55    -6.9    78.0     5.0   102.0  1019.0 Clouds          14400
     82      55   -17.9   100.0     5.7   119.0  1021.0 Clouds          10800
     86      55   -27.4   100.0     5.8   132.0  1025.0 Clouds          14400
     90      55   -21.1   100.0     0.0   107.0  1024.0 Clouds          0

    -90      60   -31.6    83.0     0.0    94.0  1002.0 Clouds          46800
    -86      60   -34.5    90.0     3.6     5.0  1002.0 Clouds          18000
    -82      60   -35.6    96.0     0.9   313.0  1000.0 Clouds          18000
    -78      60   -29.8    82.0     5.2   167.0   993.0 Clear           18000
    -74      60   -20.0    69.0    10.2   219.0   985.0 Clouds          18000
    -70      60   -16.9    75.0     6.5   211.0   982.0 Clouds          18000
    -66      60    -1.4    65.0     8.0   270.0   982.0 Clouds          18000
    -62      60     1.2    86.0    14.1   267.0   994.0 Clouds          14400
    -58      60     2.1    88.0    12.0   278.0  1006.0 Clouds          14400
    -54      60     3.2    86.0    11.2   279.0  1017.0 Clouds          14400
    -50      60     4.8    83.0     8.3   274.0  1026.0 Clouds          14400
    -46      60     7.4    64.0     2.3   244.0  1030.0 Clouds          14400
    -42      60    12.8    65.0     8.5   108.0  1028.0 Clouds          14400
    -38      60    17.3    95.0    12.2   104.0  1020.0 Rain            14400
    -34      60    21.4    90.0     8.7    50.0  1015.0 Rain            14400
    -30      60    23.6    90.0    10.9    38.0  1011.0 Rain            14400
    -26      60    25.6    84.0     9.7    23.0  1010.0 Rain            14400
    -22      60    26.3    85.0     9.1    30.0  1010.0 Clouds          14400
    -18      60    27.6    74.0     5.1   275.0  1010.0 Clouds          14400
    -14      60    28.1    75.0     4.2   259.0  1010.0 Rain            14400
    -10      60    27.4    78.0     5.9   312.0  1011.0 Clouds          14400
     -6      60    27.4    74.0     3.4   352.0  1011.0 Clear           14400
     -2      60    27.4    69.0     3.8    37.0  1011.0 Clouds          14400
      2      60    27.8    75.0     5.1    50.0  1011.0 Clouds          14400
      6      60    26.8    77.0     7.3    36.0  1011.0 Rain            14400
     10      60    24.4    68.0     6.7    41.0  1013.0 Clouds          14400
     14      60    23.5    62.0     5.6    45.0  1015.0 Clear           14400
     18      60    22.4    66.0     4.3    56.0  1016.0 Clear           14400
     22      60    22.6    71.0     6.3   196.0  1016.0 Clear           14400
     26      60    23.7    40.0     5.0   224.0  1015.0 Clear           12600
     30      60    13.8    37.0     6.9   233.0  1013.0 Clear           12600
     34      60    13.5    41.0     2.7    87.0  1013.0 Clouds          12600
     38      60    11.5    51.0     5.1   108.0  1013.0 Clear           18000
     42      60     4.1    51.0     1.6   271.0  1016.0 Clear           18000
     46      60    -2.7    86.0     4.5    61.0  1018.0 Clouds          18000
     50      60    -7.5    88.0     2.2   108.0  1023.0 Clouds          18000
     54      60    -4.7    91.0     3.1   217.0  1021.0 Clouds          18000
     58      60   -16.9    95.0     2.8    34.0  1026.0 Snow            18000
     62      60   -22.1    94.0     0.6    81.0  1029.0 Clear           18000
     66      60   -31.4    99.0     1.4   214.0  1032.0 Clouds          10800
     70      60   -24.7   100.0     1.8   333.0  1030.0 Clouds          10800
     74      60   -25.9    97.0     2.5   225.0  1029.0 Clouds          14400
     78      60    -6.3    88.0     2.4    40.0  1020.0 Clouds          14400
     82      60   -22.9   100.0     5.0   116.0  1023.0 Clouds          10800
     86      60   -28.8    98.0     5.3   137.0  1025.0 Clouds          14400
     90      60   -21.1   100.0     0.0   107.0  1024.0 Clouds          0

    -90      65   -31.6    83.0     0.0    94.0  1002.0 Clouds          46800
    -86      65   -34.9    90.0     3.5     3.0  1003.0 Clouds          18000
    -82      65   -37.0    96.0     1.0   313.0  1001.0 Clouds          18000
    -78      65   -29.0    84.0     5.6   132.0   991.0 Clouds          18000
    -74      65   -13.2    70.0    10.7   207.0   978.0 Clear           18000
    -70      65    -9.8    58.0     8.8   217.0   978.0 Clear           18000
    -66      65    -0.6    73.0     5.0   258.0   981.0 Clear           18000
    -62      65     1.3    84.0    15.4   253.0   990.0 Clouds          14400
    -58      65     2.7    73.0    14.7   252.0  1003.0 Clouds          14400
    -54      65     3.3    82.0    12.8   254.0  1015.0 Clouds          14400
    -50      65     4.6    82.0    10.5   255.0  1024.0 Clear           14400
    -46      65     7.0    67.0     4.8   219.0  1029.0 Clear           14400
    -42      65    12.0    67.0     8.2   122.0  1027.0 Clouds          14400
    -38      65    17.4    98.0     5.7   106.0  1021.0 Rain            14400
    -34      65    22.0    88.0     5.7    53.0  1019.0 Clouds          14400
    -30      65    24.3    84.0    10.0    40.0  1016.0 Clouds          14400
    -26      65    25.3    84.0    10.3    46.0  1014.0 Clouds          14400
    -22      65    26.1    82.0     9.2    56.0  1013.0 Clouds          14400
    -18      65    26.7    83.0     6.7    79.0  1011.0 Rain            14400
    -14      65    28.2    71.0     1.9   227.0  1010.0 Clouds          14400
    -10      65    28.3    74.0     5.9   277.0  1010.0 Clouds          14400
     -6      65    27.6    71.0     3.9   330.0  1011.0 Clear           14400
     -2      65    27.9    71.0     3.3    33.0  1011.0 Clouds          14400
      2      65    27.8    71.0     4.2    61.0  1011.0 Clouds          14400
      6      65    27.3    75.0     6.2    54.0  1011.0 Clear           14400
     10      65    25.2    71.0     5.7    16.0  1012.0 Clear           14400
     14      65    23.6    60.0     3.9    21.0  1014.0 Clouds          14400
     18      65    23.0    61.0     4.5    29.0  1015.0 Clouds          14400
     22      65    21.9    55.0     3.3    29.0  1016.0 Clear           14400
     26      65    23.1    34.0     3.8   231.0  1015.0 Clear           18000
     30      65    16.3    40.0     2.3   140.0  1015.0 Clouds          16200
     34      65    -3.1    73.0     3.6   154.0  1020.0 Clouds          16200
     38      65    15.9    40.0     8.9   169.0  1015.0 Clouds          18000
     42      65     3.9    77.0     4.6   185.0  1018.0 Clouds          18000
     46      65     0.5    90.0     5.4    93.0  1019.0 Clouds          18000
     50      65    -5.5    80.0     2.4    86.0  1023.0 Clouds          18000
     54      65    -6.0    93.0     3.7   185.0  1023.0 Clouds          18000
     58      65   -13.6    93.0     2.5    22.0  1025.0 Clouds          18000
     62      65   -25.3    96.0     1.6     3.0  1029.0 Clouds          18000
     66      65   -29.7    88.0     2.7   304.0  1028.0 Clouds          18000
     70      65   -25.7   100.0     2.3    11.0  1029.0 Clouds          14400
     74      65   -26.2   100.0     2.1   236.0  1029.0 Clouds          14400
     78      65    -8.1    69.0     2.2   305.0  1020.0 Clouds          14400
     82      65   -24.8   100.0     4.4   113.0  1024.0 Clouds          14400
     86      65   -30.7    97.0     4.8   143.0  1026.0 Clouds          14400
     90      65   -21.1   100.0     0.0   107.0  1024.0 Clouds          0

    -90      70   -31.6    83.0     0.0    94.0  1002.0 Clouds          46800
    -86      70   -35.2    89.0     3.5     3.0  1004.0 Clouds          18000
    -82      70   -37.3    96.0     0.9   309.0  1001.0 Clouds          18000
    -78      70   -29.3    86.0     6.4   120.0   992.0 Clouds          18000
    -74      70    -9.9    85.0     2.0     2.0   974.0 Clouds          18000
    -70      70    -5.5    70.0     6.6   199.0   977.0 Clear           18000
    -66      70    -1.5    57.0     4.0   231.0   980.0 Clear           18000
    -62      70     0.6    86.0     9.8   262.0   985.0 Clouds          18000
    -58      70     2.4    83.0    14.0   250.0   998.0 Clouds          18000
    -54      70     3.4    81.0    14.2   244.0  1009.0 Clouds          18000
    -50      70     4.5    79.0    14.0   252.0  1020.0 Clear           18000
    -46      70     6.7    69.0     7.8   229.0  1027.0 Clear           18000
    -42      70    11.6    68.0     7.8   142.0  1026.0 Clouds          18000
    -38      70    17.4    88.0     3.6   140.0  1023.0 Clouds          18000
    -34      70    22.2    86.0     4.5    26.0  1022.0 Clouds          18000
    -30      70    24.3    73.0     6.8    55.0  1020.0 Clouds          18000
    -26      70    24.9    80.0     8.0    65.0  1017.0 Clouds          18000
    -22      70    25.6    79.0     8.7    75.0  1015.0 Clouds          18000
    -18      70    26.5    81.0     9.4    90.0  1012.0 Clouds          18000
    -14      70    28.0    76.0     5.2    53.0  1010.0 Clouds          18000
    -10      70    27.8    77.0     6.3   290.0  1010.0 Clouds          18000
     -6      70    27.8    71.0     4.9   319.0  1011.0 Clouds          21600
     -2      70    27.5    69.0     4.6    17.0  1011.0 Clouds          18000
      2      70    27.6    68.0     5.2    60.0  1011.0 Clouds          18000
      6      70    27.4    73.0     3.9    61.0  1011.0 Clouds          18000
     10      70    26.7    76.0     5.4    32.0  1012.0 Clear           18000
     14      70    25.2    74.0     4.8   351.0  1013.0 Clouds          18000
     18      70    24.0    70.0     2.1   297.0  1014.0 Clouds          18000
     22      70    29.2    30.0     1.3   236.0  1013.0 Clouds          19800
     26      70    26.0    15.0     2.5   342.0  1015.0 Clear           18000
     30      70     9.9    38.0     2.2   116.0  1017.0 Clouds          18000
     34      70    -3.0    53.0     1.5   117.0  1019.0 Clouds          18000
     38      70     6.8    66.0     2.0     0.0  1020.0 Clouds          18000
     42      70    -4.7    89.0     2.5   126.0  1020.0 Clouds          18000
     46      70    -0.4    74.0     4.3    89.0  1022.0 Clouds          18000
     50      70    -6.5    82.0     2.3   105.0  1026.0 Clouds          18000
     54      70    -5.1    91.0     2.3   227.0  1025.0 Clouds          18000
     58      70   -10.9    87.0     1.9    14.0  1024.0 Clouds          18000
     62      70   -26.6    96.0     2.1   332.0  1027.0 Clouds          18000
     66      70   -25.9    98.0     5.5   326.0  1024.0 Clouds          18000
     70      70   -34.3   100.0     2.6    10.0  1027.0 Clouds          18000
     74      70   -24.8   100.0     1.4   244.0  1029.0 Clouds          18000
     78      70   -11.1    94.0     6.7   141.0  1021.0 Clouds          18000
     82      70   -26.0   100.0     4.0   118.0  1025.0 Clouds          18000
     86      70   -32.3    98.0     4.2   149.0  1027.0 Clouds          18000
     90      70   -21.1   100.0     0.0   107.0  1024.0 Clouds          0

    -90      75   -31.6    83.0     0.0    94.0  1002.0 Clouds          46800
    -86      75   -35.4    89.0     3.5     1.0  1005.0 Clouds          18000
    -82      75   -37.8    96.0     0.6   326.0  1002.0 Clouds          18000
    -78      75   -28.3    86.0     6.1   113.0   991.0 Clouds          18000
    -74      75   -12.6    85.0     3.6   327.0   973.0 Clouds          18000
    -70      75    -5.5    64.0     5.6   121.0   974.0 Clear           18000
    -66      75    -1.6    83.0     8.8   213.0   976.0 Clouds          18000
    -62      75     0.6    78.0    14.4   235.0   981.0 Clouds          18000
    -58      75     1.5    81.0    15.1   246.0   992.0 Clouds          18000
    -54      75     3.2    85.0    12.3   249.0  1003.0 Clouds          18000
    -50      75     4.2    80.0    14.4   259.0  1015.0 Clouds          18000
    -46      75     7.8    63.0    10.4   238.0  1024.0 Clear           18000
    -42      75    12.3    71.0     8.6   156.0  1024.0 Clouds          18000
    -38      75    19.7    77.0     2.5   242.0  1024.0 Clouds          18000
    -34      75    21.9    81.0     3.5   356.0  1024.0 Clouds          18000
    -30      75    23.4    78.0     5.2    52.0  1022.0 Rain            18000
    -26      75    24.6    75.0     8.1    73.0  1019.0 Clouds          18000
    -22      75    25.1    79.0     9.5    89.0  1017.0 Rain            18000
    -18      75    26.7    76.0     9.7    94.0  1013.0 Clouds          18000
    -14      75    27.5    75.0     5.4   100.0  1011.0 Rain            18000
    -10      75    27.3    78.0     4.0   245.0  1010.0 Clouds          18000
     -6      75    27.3    78.0     5.8   294.0  1010.0 Clouds          18000
     -2      75    27.8    67.0     2.3   310.0  1011.0 Clear           18000
      2      75    27.3    68.0     4.0    40.0  1011.0 Clear           18000
      6      75    26.6    72.0     7.6    60.0  1011.0 Clouds          18000
     10      75    26.5    64.0     2.3   101.0  1011.0 Clear           18000
     14      75    33.1    17.0     2.7    71.0  1010.0 Clear           19800
     18      75    30.4    27.0     3.5   113.0  1012.0 Clear           19800
     22      75    31.8    24.0     2.9   191.0  1012.0 Clouds          19800
     26      75    26.6    33.0     2.3   192.0  1014.0 Clouds          19800
     30      75    22.4    24.0     0.5   122.0  1016.0 Clouds          19800
     34      75     6.2    65.0     1.2   193.0  1021.0 Clouds          19800
     38      75   -10.7    62.0     1.2   336.0  1018.0 Clouds          28800
     42      75    -7.0    89.0     0.3    63.0  1026.0 Clouds          21600
     46      75    -1.3    69.0     3.9    39.0  1024.0 Clouds          18000
     50      75    -7.2    67.0     0.9   125.0  1028.0 Clouds          18000
     54      75    -5.6    87.0     2.9   216.0  1026.0 Clouds          21600
     58      75    -8.8    90.0     3.4   327.0  1022.0 Clouds          21600
     62      75   -25.6    96.0     3.6   302.0  1023.0 Clouds          18000
     66      75   -24.1    98.0     3.0   338.0  1020.0 Clouds          18000
     70      75   -31.0   100.0     3.1    34.0  1025.0 Clouds          18000
     74      75   -30.8   100.0     2.3     4.0  1029.0 Clouds          18000
     78      75   -19.6    90.0     7.4   182.0  1025.0 Clouds          18000
     82      75   -26.2   100.0     4.0   128.0  1026.0 Clouds          18000
     86      75   -32.8    99.0     4.0   154.0  1028.0 Clouds          18000
     90      75   -21.1   100.0     0.0   107.0  1024.0 Clouds          0

    -90      80   -31.6    83.0     0.0    94.0  1002.0 Clouds          46800
    -86      80   -35.5    88.0     3.6   358.0  1006.0 Clouds          25200
    -82      80   -38.7    94.0     1.0   325.0  1005.0 Clouds          25200
    -78      80   -29.1    91.0     4.0    92.0   991.0 Clouds          25200
    -74      80   -19.0    85.0     4.7     8.0   976.0 Clouds          25200
    -70      80   -14.2    71.0     7.5    98.0   975.0 Clouds          25200
    -66      80    -1.4    78.0     6.7   193.0   971.0 Clouds          18000
    -62      80     0.8    79.0    15.1   223.0   972.0 Clouds          18000
    -58      80     0.1    81.0    16.5   248.0   984.0 Clouds          18000
    -54      80     2.9    84.0    13.8   261.0   998.0 Clouds          18000
    -50      80     4.6    81.0    14.7   264.0  1011.0 Clouds          18000
    -46      80     7.8    78.0    10.3   243.0  1020.0 Clear           18000
    -42      80    14.9    92.0     7.6   276.0  1022.0 Clouds          18000
    -38      80    19.2    76.0     2.2   268.0  1025.0 Clouds          18000
    -34      80    21.4    80.0     3.8   357.0  1025.0 Clear           18000
    -30      80    22.6    74.0     5.2    76.0  1024.0 Clear           18000
    -26      80    23.7    72.0     6.5    98.0  1021.0 Clear           18000
    -22      80    24.8    78.0     9.0   101.0  1017.0 Clear           18000
    -18      80    26.3    76.0     9.4   102.0  1014.0 Clear           18000
    -14      80    27.5    75.0     7.1   107.0  1011.0 Rain            18000
    -10      80    27.3    73.0     0.6   313.0  1010.0 Clouds          18000
     -6      80    27.3    78.0     6.8   273.0  1011.0 Clear           18000
     -2      80    27.1    76.0     2.6   315.0  1011.0 Clouds          18000
      2      80    27.8    76.0     4.5    11.0  1010.0 Clouds          18000
      6      80    26.3    81.0     1.8   248.0  1011.0 Clear           19800
     10      80    25.3    79.0     8.7    16.0  1012.0 Clouds          19800
     14      80    26.8    52.0     5.3    73.0  1014.0 Clouds          19800
     18      80    30.9    27.0     1.9   249.0  1013.0 Clear           19800
     22      80    29.7    22.0     3.3   357.0  1014.0 Clouds          19800
     26      80    22.7    28.0     1.5    33.0  1017.0 Clouds          19800
     30      80    16.9    21.0     2.4   192.0  1016.0 Clouds          19800
     34      80   -17.2    72.0     3.8   219.0  1020.0 Snow            28800
     38      80     1.1    34.0     1.4    56.0  1029.0 Clouds          28800
     42      80   -17.6    51.0     2.4    38.0  1018.0 Clouds          28800
     46      80    -6.5    88.0     1.1    24.0  1024.0 Clear           18000
     50      80    -4.9    79.0     5.6   147.0  1029.0 Clouds          18000
     54      80    -8.9    81.0     3.9   210.0  1028.0 Clouds          25200
     58      80    -5.4    93.0     3.1   251.0  1020.0 Clouds          25200
     62      80   -21.8    96.0     3.5   291.0  1019.0 Clouds          18000
     66      80   -23.6    98.0     3.1    20.0  1018.0 Clouds          18000
     70      80   -26.5    98.0     3.2    49.0  1024.0 Clouds          25200
     74      80   -27.2   100.0     3.5    32.0  1028.0 Clouds          25200
     78      80   -22.2    97.0     4.8   172.0  1027.0 Clouds          18000
     82      80   -26.7   100.0     3.9   130.0  1028.0 Clouds          25200
     86      80   -32.9    99.0     3.9   156.0  1028.0 Clouds          18000
     90      80   -21.1   100.0     0.0   107.0  1024.0 Clouds          0

    -90      85   -31.6    83.0     0.0    94.0  1002.0 Clouds          46800
    -86      85   -35.6    87.0     3.6   351.0  1006.0 Clouds          25200
    -82      85   -38.9    94.0     1.2   343.0  1008.0 Clouds          25200
    -78      85   -30.3    93.0     3.0    59.0   990.0 Clouds          25200
    -74      85   -23.4    87.0     3.2    38.0   981.0 Clouds          25200
    -70      85   -18.2    73.0     8.0   106.0   976.0 Clouds          25200
    -66      85    -1.1    94.0     9.1   152.0   966.0 Snow            25200
    -62      85     0.9    97.0    10.2   225.0   960.0 Clouds          21600
    -58      85     0.8    94.0    20.6   254.0   974.0 Snow            21600
    -54      85     3.0    82.0    17.2   277.0   995.0 Clouds          21600
    -50      85     5.5    78.0    13.6   268.0  1009.0 Clouds          21600
    -46      85     9.1    78.0     9.7   240.0  1017.0 Clouds          21600
    -42      85    14.6    87.0     6.7   292.0  1022.0 Clouds          21600
    -38      85    17.4    89.0     6.7   335.0  1026.0 Clouds          21600
    -34      85    19.5    68.0     3.4    55.0  1027.0 Clear           21600
    -30      85    21.7    74.0     6.4   111.0  1024.0 Clear           21600
    -26      85    23.5    64.0     6.3   109.0  1021.0 Clear           21600
    -22      85    24.1    73.0     8.6   108.0  1018.0 Clear           21600
    -18      85    25.5    77.0     9.2   108.0  1014.0 Clear           21600
    -14      85    27.4    73.0     6.6    98.0  1011.0 Clouds          21600
    -10      85    27.6    78.0     7.1   106.0  1010.0 Clouds          21600
     -6      85    27.8    77.0     6.6   289.0  1010.0 Clouds          21600
     -2      85    27.5    75.0     2.4   289.0  1010.0 Clouds          21600
      2      85    28.0    66.0     2.4    76.0  1010.0 Clouds          21600
      6      85    27.8    71.0     3.7    90.0  1011.0 Clear           21600
     10      85    26.9    78.0     6.7    71.0  1012.0 Clouds          21600
     14      85    25.2    61.0     6.9    57.0  1014.0 Clouds          21600
     18      85    24.1    69.0     4.5    74.0  1015.0 Clear           21600
     22      85    29.9    22.0     0.8   243.0  1014.0 Clouds          19800
     26      85    23.0    34.0     2.8   283.0  1016.0 Clouds          19800
     30      85   -15.9    56.0    11.2   237.0  1021.0 Clear           28800
     34      85    -6.9    33.0    12.3   253.0  1013.0 Snow            28800
     38      85     2.1    35.0     2.4    32.0  1027.0 Clouds          28800
     42      85     2.0    49.0     1.5   234.0  1030.0 Clear           28800
     46      85    -5.0    80.0     1.5   134.0  1033.0 Clear           28800
     50      85    -4.1    83.0     1.5    45.0  1029.0 Clear           18000
     54      85   -10.1    94.0     2.5   159.0  1031.0 Clouds          25200
     58      85    -6.3    94.0     4.0   235.0  1020.0 Snow            25200
     62      85   -18.0    96.0     3.1   272.0  1015.0 Clouds          25200
     66      85   -22.8    98.0     3.5    45.0  1016.0 Clouds          25200
     70      85   -28.2    97.0     3.5    31.0  1023.0 Clouds          25200
     74      85   -25.3   100.0     2.0    49.0  1027.0 Clouds          25200
     78      85   -23.0    99.0     3.1   164.0  1029.0 Clouds          21600
     82      85   -28.6   100.0     3.9   141.0  1029.0 Clouds          21600
     86      85   -32.9   100.0     3.8   161.0  1029.0 Clouds          21600
     90      85   -21.1   100.0     0.0   107.0  1024.0 Clouds          0

    -90      90   -31.6    83.0     0.0    94.0  1002.0 Clouds          46800
    -86      90   -35.4    87.0     3.3   343.0  1006.0 Clouds          18000
    -82      90   -39.0    94.0     1.3   335.0  1009.0 Clouds          18000
    -78      90   -29.6    90.0     2.9    48.0   988.0 Clouds          18000
    -74      90   -26.6    84.0     3.6    31.0   985.0 Clouds          18000
    -70      90   -20.6    72.0     9.5   106.0   978.0 Clouds          18000
    -66      90    -1.6    93.0    14.1   104.0   962.0 Snow            18000
    -62      90     1.5    79.0     4.2   230.0   956.0 Clouds          21600
    -58      90     1.7    97.0    16.4   287.0   967.0 Snow            21600
    -54      90     3.7    79.0    18.6   286.0   993.0 Clear           21600
    -50      90     6.5    81.0    11.8   275.0  1008.0 Clouds          21600
    -46      90    11.1    92.0    10.2   310.0  1015.0 Clouds          21600
    -42      90    14.0    91.0    11.8   328.0  1023.0 Clouds          21600
    -38      90    16.1    71.0     4.8   339.0  1028.0 Clouds          21600
    -34      90    18.6    66.0     3.8    91.0  1027.0 Clouds          21600
    -30      90    20.7    77.0     8.0    93.0  1024.0 Rain            21600
    -26      90    22.2    73.0     6.8   108.0  1021.0 Rain            21600
    -22      90    23.3    77.0     9.5   122.0  1017.0 Clouds          21600
    -18      90    25.2    71.0     7.5   118.0  1014.0 Clouds          21600
    -14      90    26.7    74.0     8.1   116.0  1012.0 Clouds          21600
    -10      90    27.4    65.0     1.1   125.0  1011.0 Clouds          21600
     -6      90    27.3    77.0     4.4   268.0  1010.0 Rain            21600
     -2      90    28.1    71.0     3.6   265.0  1010.0 Clouds          21600
      2      90    28.3    71.0     1.3   350.0  1010.0 Clouds          21600
      6      90    27.9    75.0     3.8    62.0  1011.0 Clouds          21600
     10      90    27.0    75.0     6.5    47.0  1012.0 Clear           21600
     14      90    25.1    64.0     4.6    39.0  1013.0 Clear           21600
     18      90    24.0    65.0     5.8    13.0  1014.0 Clear           21600
     22      90    26.2    35.0     2.3   221.0  1014.0 Clouds          21600
     26      90    25.5    32.0     0.6     6.0  1014.0 Clouds          19800
     30      90    -6.9    23.0    12.1   229.0  1013.0 Clouds          28800
     34      90    -8.2    31.0    12.1   263.0  1012.0 Clouds          28800
     38      90    -5.9    33.0     4.9    57.0  1018.0 Clouds          28800
     42      90     3.0    40.0     4.4     9.0  1030.0 Clear           28800
     46      90    -9.0    75.0     4.7    88.0  1035.0 Clear           28800
     50      90   -12.6    79.0     1.9   319.0  1038.0 Clouds          25200
     54      90    -7.7    88.0     1.8   169.0  1028.0 Clouds          25200
     58      90    -6.8    94.0     4.8   234.0  1019.0 Snow            25200
     62      90   -15.3    98.0     1.3   143.0  1012.0 Snow            25200
     66      90   -24.8    97.0     6.3   100.0  1018.0 Clouds          25200
     70      90   -30.7   100.0     0.9    68.0  1022.0 Clouds          25200
     74      90   -41.7   100.0     0.7    85.0  1028.0 Clouds          25200
     78      90   -31.1    98.0     2.1   126.0  1030.0 Clouds          25200
     82      90   -31.0   100.0     3.0   139.0  1030.0 Clouds          21600
     86      90   -33.5   100.0     3.5   167.0  1030.0 Clouds          21600
     90      90   -21.1   100.0     0.0   107.0  1024.0 Clouds          0

    -90      95   -31.6    83.0     0.0    94.0  1002.0 Clouds          46800
    -86      95   -35.8    89.0     2.6   332.0  1007.0 Clouds          18000
    -82      95   -38.5    96.0     0.8   277.0  1009.0 Clouds          18000
    -78      95   -31.8    92.0     3.1    56.0   992.0 Clouds          18000
    -74      95   -30.2    95.0     3.0    53.0   991.0 Clouds          18000
    -70      95   -24.3    84.0    10.4   114.0   982.0 Clouds          18000
    -66      95    -3.5    93.0    15.3    99.0   963.0 Snow            18000
    -62      95     1.0    99.0    11.2   353.0   959.0 Snow            21600
    -58      95     2.2    83.0    22.7   311.0   972.0 Clouds          21600
    -54      95     4.3    78.0    16.7   293.0   995.0 Clouds          21600
    -50      95     7.1    97.0    11.9   296.0  1007.0 Rain            21600
    -46      95     9.7    92.0    11.3   319.0  1018.0 Clouds          21600
    -42      95    13.3    84.0     8.5   321.0  1027.0 Clouds          21600
    -38      95    15.1    64.0     2.8   337.0  1030.0 Clouds          21600
    -34      95    17.6    72.0     5.5   106.0  1028.0 Clouds          21600
    -30      95    20.0    71.0     7.8   116.0  1024.0 Clouds          21600
    -26      95    21.9    79.0     9.2   123.0  1020.0 Clouds          21600
    -22      95    23.0    74.0     8.1   136.0  1016.0 Clouds          21600
    -18      95    24.7    71.0     7.8   130.0  1014.0 Clear           21600
    -14      95    26.4    76.0     7.7   129.0  1012.0 Rain            21600
    -10      95    27.7    65.0     2.5   240.0  1011.0 Clear           21600
     -6      95    27.6    70.0     3.4   271.0  1010.0 Clear           21600
     -2      95    28.2    74.0     5.2   259.0  1010.0 Clouds          21600
      2      95    27.4    76.0     1.9   270.0  1010.0 Clouds          21600
      6      95    28.2    74.0     7.7    67.0  1010.0 Clouds          25200
     10      95    27.1    77.0     5.9    54.0  1012.0 Clear           19800
     14      95    26.1    70.0     2.9    39.0  1013.0 Clouds          19800
     18      95    30.2    21.0     2.3   114.0  1012.0 Clear           23400
     22      95    29.3    30.0     1.3    75.0  1012.0 Clouds          23400
     26      95    18.4    23.0     1.4   229.0  1014.0 Clouds          19800
     30      95    11.9    49.0     2.4   126.0  1015.0 Clouds          28800
     34      95    -8.9    29.0    10.1   283.0  1013.0 Clouds          28800
     38      95    -5.8    31.0     1.9   312.0  1021.0 Clouds          28800
     42      95    -1.0    50.0     1.6   352.0  1031.0 Clear           28800
     46      95    -6.8    45.0     1.0    28.0  1038.0 Clear           25200
     50      95   -20.6    98.0     0.5   338.0  1048.0 Clouds          25200
     54      95   -12.2    94.0     1.5   121.0  1033.0 Clouds          25200
     58      95    -5.7    88.0     4.7   243.0  1019.0 Clouds          25200
     62      95   -23.7    99.0     1.7   118.0  1018.0 Snow            25200
     66      95   -29.9    97.0     2.5    71.0  1023.0 Clouds          25200
     70      95   -39.7    97.0     2.0   229.0  1027.0 Clouds          25200
     74      95   -37.7   100.0     1.8    70.0  1028.0 Clouds          25200
     78      95   -34.3   100.0     2.2    87.0  1030.0 Clouds          25200
     82      95   -32.2   100.0     2.5   140.0  1031.0 Clouds          21600
     86      95   -33.4   100.0     3.5   177.0  1030.0 Clouds          21600
     90      95   -21.1   100.0     0.0   107.0  1024.0 Clouds          0

    -90     100   -31.6    83.0     0.0    94.0  1002.0 Clouds          46800
    -86     100   -37.0    93.0     1.8   316.0  1010.0 Clouds          18000
    -82     100   -37.9    97.0     1.7   225.0  1009.0 Clouds          18000
    -78     100   -34.4    95.0     2.2    55.0  1000.0 Clouds          18000
    -74     100   -31.1    92.0     2.8    92.0   996.0 Clouds          18000
    -70     100   -22.9    80.0     9.0   116.0   984.0 Clouds          28800
    -66     100    -4.4    86.0    15.7    81.0   966.0 Snow            28800
    -62     100     1.9    83.0    12.6   317.0   967.0 Rain            25200
    -58     100     2.8    80.0    17.2   308.0   980.0 Clouds          25200
    -54     100     4.7    84.0    13.5   290.0   996.0 Clouds          25200
    -50     100     7.6    94.0    14.8   307.0  1009.0 Clouds          25200
    -46     100    10.1    88.0    11.5   308.0  1021.0 Clear           25200
    -42     100    12.9    86.0     7.5   298.0  1029.0 Clear           25200
    -38     100    14.1    66.0     1.4   116.0  1031.0 Clouds          25200
    -34     100    17.0    71.0     7.3   115.0  1028.0 Clouds          25200
    -30     100    19.8    68.0     9.1   126.0  1023.0 Clouds          25200
    -26     100    21.9    76.0    10.5   128.0  1018.0 Clouds          25200
    -22     100    23.2    77.0     8.1   140.0  1014.0 Rain            25200
    -18     100    24.3    66.0     5.7   151.0  1013.0 Clouds          25200
    -14     100    26.4    68.0     5.2   152.0  1012.0 Clouds          25200
    -10     100    27.7    70.0     1.8   157.0  1010.0 Clouds          25200
     -6     100    27.7    76.0     4.3   283.0  1010.0 Clouds          25200
     -2     100    28.4    71.0     4.1   290.0  1010.0 Clouds          25200
      2     100    28.5    73.0     1.7    30.0  1010.0 Clouds          25200
      6     100    28.9    65.0     5.0   250.0  1010.0 Clear           28800
     10     100    26.7    76.0     4.8   124.0  1012.0 Clouds          25200
     14     100    31.2    34.0     2.9    60.0  1010.0 Clouds          25200
     18     100    32.1    25.0     1.2   244.0  1011.0 Clear           25200
     22     100    23.4    30.0     0.5   287.0  1013.0 Clouds          28800
     26     100    11.3    28.0     3.4   223.0  1013.0 Clear           28800
     30     100    -2.9    17.0     9.0   275.0  1010.0 Clouds          28800
     34     100    -3.6    14.0     7.2   305.0  1008.0 Clouds          28800
     38     100   -11.4    64.0     3.5    65.0  1022.0 Snow            28800
     42     100    -3.3    72.0     1.7   194.0  1034.0 Clear           28800
     46     100   -14.2    68.0     2.2    28.0  1038.0 Clear           28800
     50     100   -12.8    67.0     2.1   250.0  1037.0 Clouds          28800
     54     100    -7.4    95.0     1.4   147.0  1027.0 Clouds          28800
     58     100    -7.4    95.0     3.0   196.0  1021.0 Snow            28800
     62     100   -26.3    98.0     4.1   105.0  1025.0 Snow            25200
     66     100   -35.7    96.0     1.4   115.0  1030.0 Clouds          25200
     70     100   -47.3   100.0     0.6    70.0  1032.0 Clouds          25200
     74     100   -39.7   100.0     1.9    42.0  1029.0 Clouds          25200
     78     100   -34.0   100.0     3.3    76.0  1031.0 Clouds          25200
     82     100   -33.3   100.0     2.4   140.0  1032.0 Clouds          25200
     86     100   -33.7   100.0     3.3   185.0  1031.0 Clouds          25200
     90     100   -21.1   100.0     0.0   107.0  1024.0 Clouds          0

    -90     105   -31.6    83.0     0.0    94.0  1002.0 Clouds          46800
    -86     105   -37.7    97.0     1.4   273.0  1012.0 Clouds          18000
    -82     105   -36.3    97.0     2.8   211.0  1008.0 Clouds          18000
    -78     105   -34.5    95.0     1.1    69.0  1002.0 Clouds          18000
    -74     105   -31.8    89.0     3.2   128.0  1000.0 Clouds          18000
    -70     105   -24.4    84.0     7.8   109.0   987.0 Clouds          28800
    -66     105    -3.9    84.0    15.3   115.0   970.0 Snow            28800
    -62     105     2.1    84.0    13.4   296.0   971.0 Clouds          25200
    -58     105     3.5    86.0    13.7   293.0   984.0 Clouds          25200
    -54     105     5.4    94.0    15.0   302.0   998.0 Clouds          25200
    -50     105     7.3    90.0    13.2   307.0  1012.0 Clouds          25200
    -46     105    11.1    91.0    10.8   285.0  1023.0 Clouds          25200
    -42     105    13.3    88.0     6.0   276.0  1029.0 Clouds          25200
    -38     105    14.4    69.0     3.9   128.0  1031.0 Clear           25200
    -34     105    17.6    65.0     9.3   122.0  1027.0 Clouds          25200
    -30     105    20.1    77.0    11.5   133.0  1021.0 Clouds          25200
    -26     105    21.6    84.0    10.4   145.0  1016.0 Clouds          25200
    -22     105    23.6    80.0     8.5   153.0  1013.0 Clouds          25200
    -18     105    25.2    62.0     4.6   175.0  1012.0 Clear           25200
    -14     105    26.5    67.0     4.4   191.0  1011.0 Clouds          25200
    -10     105    27.6    74.0     2.7   255.0  1010.0 Clouds          25200
     -6     105    28.2    74.0     6.2   250.0  1010.0 Clouds          25200
     -2     105    27.0    79.0     6.8     2.0  1010.0 Clouds          25200
      2     105    26.4    80.0     7.4    19.0  1011.0 Clouds          28800
      6     105    25.1    84.0     6.8    51.0  1013.0 Clouds          25200
     10     105    30.4    54.0     3.7    49.0  1012.0 Clear           25200
     14     105    33.9    23.0     1.6   342.0  1011.0 Clouds          25200
     18     105    22.0    58.0     3.5    34.0  1016.0 Clouds          25200
     22     105    18.6    72.0     1.3   177.0  1019.0 Clouds          25200
     26     105     9.8    70.0     2.0    83.0  1018.0 Clouds          28800
     30     105    11.3    51.0     3.4    62.0  1025.0 Clouds          28800
     34     105     0.0    54.0     2.3    48.0  1025.0 Clouds          28800
     38     105    -2.3    45.0     2.2    21.0  1032.0 Clouds          28800
     42     105    -3.2    55.0     4.3   272.0  1033.0 Clear           28800
     46     105   -13.2    81.0     2.8   270.0  1036.0 Clear           28800
     50     105   -17.7    98.0     1.4   255.0  1038.0 Clouds          28800
     54     105   -14.2    98.0     1.2   186.0  1033.0 Clouds          28800
     58     105   -17.5    97.0     3.2   140.0  1029.0 Clouds          28800
     62     105   -34.5   100.0     1.7   102.0  1033.0 Clouds          25200
     66     105   -41.2   100.0     2.0    86.0  1035.0 Clouds          25200
     70     105   -36.9    97.0     2.0   124.0  1030.0 Clouds          25200
     74     105   -34.8    99.0     2.6    71.0  1029.0 Clouds          25200
     78     105   -34.2   100.0     2.4    85.0  1031.0 Clouds          25200
     82     105   -35.0   100.0     2.4   148.0  1032.0 Clouds          25200
     86     105   -33.6   100.0     3.2   192.0  1031.0 Clouds          25200
     90     105   -21.1   100.0     0.0   107.0  1024.0 Clouds          0

    -90     110   -31.6    83.0     0.0    94.0  1002.0 Clouds          46800
    -86     110   -37.2    98.0     2.2   222.0  1011.0 Clouds          18000
    -82     110   -33.8    97.0     3.3   209.0  1004.0 Clouds          18000
    -78     110   -36.7    96.0     1.6   183.0  1007.0 Clouds          18000
    -74     110   -32.5    91.0     3.2   130.0  1002.0 Clouds          18000
    -70     110   -23.8    89.0     7.8   120.0   988.0 Clouds          28800
    -66     110    -3.4    89.0    14.9    70.0   973.0 Snow            28800
    -62     110     1.6    97.0    13.2   299.0   972.0 Snow            25200
    -58     110     3.9    96.0    15.4   290.0   986.0 Rain            25200
    -54     110     5.8    95.0    14.6   298.0  1000.0 Clouds          25200
    -50     110     7.4    97.0    11.1   303.0  1013.0 Clouds          25200
    -46     110    10.5    94.0     8.7   287.0  1023.0 Clouds          25200
    -42     110    13.2    91.0     7.2   258.0  1029.0 Clouds          25200
    -38     110    14.8    70.0     6.2   143.0  1030.0 Clouds          25200
    -34     110    18.5    69.0    12.3   132.0  1024.0 Clear           25200
    -30     110    20.7    84.0    13.4   144.0  1018.0 Clear           25200
    -26     110    22.7    91.0    11.1   158.0  1012.0 Clear           25200
    -22     110    25.1    84.0     7.9   194.0  1009.0 Clouds          25200
    -18     110    25.1    74.0     6.6   225.0  1010.0 Clouds          25200
    -14     110    26.6    71.0     6.3   211.0  1010.0 Clouds          25200
    -10     110    27.8    79.0     8.4   258.0  1010.0 Clouds          25200
     -6     110    27.4    80.0     6.9   294.0  1010.0 Clouds          25200
     -2     110    27.8    78.0     5.5   299.0  1010.0 Clouds          25200
      2     110    26.8    80.0     6.4     8.0  1011.0 Clouds          28800
      6     110    25.1    88.0     8.6    22.0  1013.0 Clouds          25200
     10     110    24.2    79.0    10.1    31.0  1014.0 Clouds          25200
     14     110    23.2    81.0    10.2   347.0  1016.0 Clouds          25200
     18     110    22.2    87.0     9.3    60.0  1017.0 Clouds          25200
     22     110    22.1    41.0     3.9   351.0  1019.0 Clear           28800
     26     110     4.8    84.0     1.3    10.0  1026.0 Clouds          28800
     30     110     3.4    92.0     1.3    99.0  1028.0 Clouds          28800
     34     110     3.9    45.0     1.7    72.0  1028.0 Clouds          28800
     38     110    -1.2    47.0     2.6   308.0  1032.0 Clouds          28800
     42     110    -5.8    57.0     6.5   291.0  1032.0 Clear           28800
     46     110   -16.9    79.0     0.8   253.0  1036.0 Clouds          28800
     50     110   -15.6    95.0     2.3   269.0  1033.0 Clouds          32400
     54     110   -24.0    89.0     2.4   308.0  1040.0 Clouds          28800
     58     110   -25.5    98.0     1.7   119.0  1036.0 Clouds          28800
     62     110   -34.2   100.0     1.7   121.0  1036.0 Clouds          32400
     66     110   -37.8   100.0     2.9   212.0  1036.0 Clouds          32400
     70     110   -33.6    94.0     1.9   248.0  1031.0 Clouds          32400
     74     110   -27.1   100.0     3.6    92.0  1029.0 Clouds          25200
     78     110   -34.6    98.0     2.6   118.0  1031.0 Clouds          25200
     82     110   -35.4    98.0     2.3   152.0  1033.0 Clouds          25200
     86     110   -33.7   100.0     3.2   194.0  1032.0 Clouds          25200
     90     110   -21.1   100.0     0.0   107.0  1024.0 Clouds          0

    -90     115   -31.6    83.0     0.0    94.0  1002.0 Clouds          46800
    -86     115   -35.4    98.0     2.9   203.0  1007.0 Clouds          18000
    -82     115   -31.1    98.0     3.1   210.0  1000.0 Clouds          18000
    -78     115   -36.2    95.0     2.4   202.0  1007.0 Clouds          18000
    -74     115   -33.6    94.0     2.4   120.0  1003.0 Clouds          18000
    -70     115   -22.6    85.0     5.9   124.0   989.0 Clouds          28800
    -66     115    -4.6    81.0     5.3   130.0   978.0 Clouds          28800
    -62     115     1.4    98.0    14.1   346.0   975.0 Snow            28800
    -58     115     4.1    97.0    14.1   311.0   988.0 Clouds          28800
    -54     115     5.7    97.0    13.0   301.0  1002.0 Rain            28800
    -50     115     7.5    91.0    11.3   286.0  1014.0 Clouds          28800
    -46     115    10.9    93.0     7.3   276.0  1022.0 Clouds          28800
    -42     115    13.0    82.0     6.9   255.0  1027.0 Clouds          28800
    -38     115    15.2    69.0     6.4   149.0  1028.0 Clouds          28800
    -34     115    20.9    64.0    10.3   147.0  1020.0 Clear           28800
    -30     115    27.7    63.0    10.8   181.0  1011.0 Clear           28800
    -26     115    42.5    11.0     7.1   127.0  1004.0 Clouds          28800
    -22     115    37.3    27.0    10.7   266.0  1002.0 Clouds          28800
    -18     115    27.0    79.0     9.0   242.0  1007.0 Clouds          28800
    -14     115    27.7    70.0     7.5   247.0  1008.0 Clouds          28800
    -10     115    27.8    82.0     8.4   257.0  1009.0 Clouds          28800
     -6     115    28.0    81.0     7.5   292.0  1010.0 Clouds          25200
     -2     115    27.3    78.0     1.6    20.0  1010.0 Clouds          25200
      2     115    21.9    95.0     1.2    59.0  1012.0 Clouds          28800
      6     115    26.9    81.0     7.5    21.0  1012.0 Clouds          28800
     10     115    26.8    74.0     5.7    34.0  1012.0 Clouds          25200
     14     115    25.2    73.0     7.1    24.0  1015.0 Clouds          28800
     18     115    24.1    80.0     4.9    25.0  1016.0 Clouds          28800
     22     115    18.6    88.0     9.4    53.0  1020.0 Clouds          28800
     26     115     8.3    61.0     3.5   348.0  1027.0 Clouds          28800
     30     115     4.3    84.0     0.9   283.0  1031.0 Clouds          28800
     34     115     4.8    69.0     0.9   244.0  1031.0 Clouds          28800
     38     115     3.0    58.0     2.8   158.0  1030.0 Clear           28800
     42     115   -10.8    68.0     6.3   307.0  1031.0 Clear           28800
     46     115   -18.4    85.0     4.6   236.0  1034.0 Clouds          28800
     50     115   -21.3   100.0     1.7   280.0  1032.0 Clouds          28800
     54     115   -30.6    99.0     0.9   166.0  1039.0 Clouds          32400
     58     115   -32.9   100.0     1.1    60.0  1043.0 Clouds          28800
     62     115   -28.9    95.0     2.2   222.0  1037.0 Clouds          32400
     66     115   -29.4    98.0     1.3   181.0  1034.0 Clouds          32400
     70     115   -33.2    99.0     2.9   184.0  1032.0 Clouds          32400
     74     115   -35.1    96.0     2.2   134.0  1030.0 Clouds          32400
     78     115   -33.9   100.0     3.1   130.0  1033.0 Clouds          28800
     82     115   -36.5   100.0     2.4   157.0  1034.0 Clouds          28800
     86     115   -34.1   100.0     3.0   199.0  1032.0 Clouds          28800
     90     115   -21.1   100.0     0.0   107.0  1024.0 Clouds          0

    -90     120   -31.6    83.0     0.0    94.0  1002.0 Clouds          46800
    -86     120   -34.2    98.0     3.1   187.0  1005.0 Clouds          28800
    -82     120   -31.6    99.0     3.0   201.0  1001.0 Clouds          28800
    -78     120   -35.4    95.0     2.8   215.0  1006.0 Clouds          28800
    -74     120   -34.4    95.0     2.0   137.0  1003.0 Clouds          28800
    -70     120   -24.1    84.0     5.2   114.0   990.0 Clouds          28800
    -66     120    -1.0    71.0     3.9    43.0   979.0 Clouds          28800
    -62     120     1.8    87.0     9.7   333.0   984.0 Clouds          28800
    -58     120     2.9    95.0    11.8   328.0   993.0 Clouds          28800
    -54     120     4.9    91.0    10.4   295.0  1005.0 Clouds          28800
    -50     120     8.2    74.0    11.1   269.0  1014.0 Clouds          28800
    -46     120    10.3    80.0     8.6   254.0  1021.0 Clouds          28800
    -42     120    13.2    71.0     7.8   232.0  1026.0 Clouds          28800
    -38     120    15.4    66.0     7.2   169.0  1027.0 Clouds          28800
    -34     120    18.9    81.0     9.2   140.0  1023.0 Clouds          28800
    -30     120    33.7    16.0     8.8   112.0  1013.0 Clear           28800
    -26     120    36.8    20.0     8.2   130.0  1007.0 Clouds          28800
    -22     120    37.0    21.0     7.9   103.0  1004.0 Clouds          28800
    -18     120    28.4    81.0     7.2   272.0  1005.0 Clouds          28800
    -14     120    28.2    78.0     8.1   236.0  1007.0 Clouds          28800
    -10     120    24.8    88.0     4.1   270.0  1009.0 Clouds          28800
     -6     120    28.1    80.0    10.6   293.0  1009.0 Clouds          28800
     -2     120    12.4    99.0     1.2   277.0  1015.0 Clouds          28800
      2     120    27.1    76.0     5.7   254.0  1012.0 Clouds          28800
      6     120    27.6    77.0     5.2   354.0  1011.0 Clouds          28800
     10     120    26.5    83.0    10.9    31.0  1012.0 Clouds          28800
     14     120    27.1    69.0     6.3    35.0  1013.0 Clouds          28800
     18     120    25.9    67.0     6.8     4.0  1014.0 Clouds          28800
     22     120    21.7    82.0     8.4   358.0  1019.0 Clouds          28800
     26     120    11.8    82.0    11.8    43.0  1026.0 Clouds          28800
     30     120     3.5    96.0     0.4   327.0  1032.0 Clouds          28800
     34     120     4.6    57.0     1.2    32.0  1030.0 Clouds          28800
     38     120    -1.2    56.0     2.9    28.0  1031.0 Clear           28800
     42     120   -10.9    39.0     2.6   342.0  1028.0 Clear           28800
     46     120   -22.1    97.0     3.3   265.0  1033.0 Clouds          28800
     50     120   -32.5    99.0     1.9   182.0  1036.0 Clouds          28800
     54     120   -22.3    94.0     2.5   348.0  1030.0 Clouds          32400
     58     120   -23.3   100.0     1.1   318.0  1037.0 Clouds          32400
     62     120   -28.0   100.0     0.6   206.0  1037.0 Clouds          32400
     66     120   -25.8    98.0     1.2   254.0  1034.0 Clouds          32400
     70     120   -28.7    94.0     1.0   221.0  1033.0 Clouds          32400
     74     120   -29.5    96.0     3.4   129.0  1032.0 Clouds          28800
     78     120   -34.6    99.0     3.4   142.0  1034.0 Clouds          28800
     82     120   -37.0    99.0     2.5   167.0  1034.0 Clouds          28800
     86     120   -34.6   100.0     3.1   203.0  1032.0 Clouds          28800
     90     120   -21.1   100.0     0.0   107.0  1024.0 Clouds          0

    -90     125   -31.6    83.0     0.0    94.0  1002.0 Clouds          46800
    -86     125   -33.4    97.0     3.4   181.0  1004.0 Clouds          28800
    -82     125   -32.3    97.0     3.2   199.0  1002.0 Clouds          28800
    -78     125   -34.7    98.0     2.9   215.0  1005.0 Clouds          28800
    -74     125   -35.3    96.0     2.2   153.0  1004.0 Clouds          28800
    -70     125   -27.3    86.0     4.8   113.0   994.0 Clear           36000
    -66     125    -3.5    55.0     1.2   145.0   981.0 Clouds          36000
    -62     125     1.9    81.0     9.0   275.0   986.0 Clouds          28800
    -58     125     3.3    77.0     8.5   261.0   996.0 Clouds          28800
    -54     125     4.8    77.0    11.0   244.0  1004.0 Clouds          28800
    -50     125     6.9    71.0    12.2   239.0  1012.0 Clouds          28800
    -46     125     9.9    73.0    12.0   236.0  1018.0 Clouds          28800
    -42     125    13.0    71.0     9.2   229.0  1023.0 Clouds          28800
    -38     125    15.7    65.0     7.5   178.0  1024.0 Clear           28800
    -34     125    19.0    77.0     6.8   154.0  1022.0 Clouds          28800
    -30     125    28.0    32.0    10.9   140.0  1016.0 Clear           28800
    -26     125    36.0    24.0     9.8   149.0  1007.0 Clouds          28800
    -22     125    35.5    27.0     4.9   205.0  1003.0 Clouds          28800
    -18     125    29.9    63.0     1.6    42.0  1004.0 Clouds          28800
    -14     125    28.1    83.0     5.5   249.0  1006.0 Clouds          28800
    -10     125    29.3    75.0     6.0   242.0  1007.0 Clouds          32400
     -6     125    27.9    81.0     6.8   288.0  1009.0 Clouds          28800
     -2     125    27.0    74.0     1.4    49.0  1009.0 Clouds          32400
      2     125    28.3    73.0     4.8   304.0  1011.0 Clouds          28800
      6     125    23.1    78.0     1.5   220.0  1011.0 Clouds          28800
     10     125    26.6    81.0     3.3    55.0  1011.0 Clouds          28800
     14     125    26.3    80.0    10.2    52.0  1014.0 Clouds          28800
     18     125    24.6    63.0     7.4    65.0  1017.0 Clouds          28800
     22     125    22.4    62.0     1.1   120.0  1019.0 Clouds          28800
     26     125    17.7    79.0    11.7    18.0  1022.0 Rain            32400
     30     125     9.6    66.0     9.6     5.0  1027.0 Rain            28800
     34     125     4.7    73.0     8.3   332.0  1029.0 Clouds          32400
     38     125    -1.8    65.0     3.8   353.0  1028.0 Snow            32400
     42     125   -17.9    96.0     1.9   198.0  1030.0 Clear           28800
     46     125   -17.5    83.0     1.9   246.0  1026.0 Clouds          28800
     50     125   -18.5    97.0     1.2   255.0  1023.0 Clouds          28800
     54     125   -20.1    91.0     2.7   309.0  1023.0 Clouds          32400
     58     125   -32.8   100.0     1.3   185.0  1039.0 Clouds          32400
     62     125   -32.5   100.0     1.8   283.0  1035.0 Clouds          32400
     66     125   -33.4   100.0     0.6   284.0  1033.0 Clouds          32400
     70     125   -40.2    98.0     0.4    31.0  1034.0 Clouds          32400
     74     125   -25.8    95.0     5.9   128.0  1033.0 Clouds          32400
     78     125   -34.4    99.0     3.4   143.0  1036.0 Clouds          28800
     82     125   -35.8    99.0     2.8   183.0  1035.0 Clouds          28800
     86     125   -34.0    99.0     3.2   210.0  1033.0 Clouds          28800
     90     125   -21.1   100.0     0.0   107.0  1024.0 Clouds          0

    -90     130   -31.6    83.0     0.0    94.0  1002.0 Clouds          46800
    -86     130   -32.8    96.0     3.5   175.0  1003.0 Clouds          28800
    -82     130   -32.9    96.0     2.7   191.0  1003.0 Clouds          28800
    -78     130   -34.1    97.0     2.8   211.0  1004.0 Clouds          28800
    -74     130   -35.7    95.0     3.0   184.0  1005.0 Clouds          28800
    -70     130   -28.4    85.0     4.8   132.0   996.0 Clear           36000
    -66     130    -6.5    80.0     2.1   118.0   981.0 Clouds          36000
    -62     130     2.2    86.0     7.9   278.0   986.0 Clouds          32400
    -58     130     3.8    86.0     6.8   239.0   993.0 Clouds          32400
    -54     130     5.4    75.0    11.9   228.0   998.0 Clouds          32400
    -50     130     6.9    68.0    14.8   234.0  1006.0 Clouds          32400
    -46     130    10.1    69.0    14.5   235.0  1013.0 Clouds          32400
    -42     130    13.3    63.0    11.2   232.0  1019.0 Clouds          32400
    -38     130    15.7    65.0     8.4   184.0  1021.0 Clear           32400
    -34     130    17.9    80.0     8.8   163.0  1019.0 Clear           32400
    -30     130    22.2    55.0    10.0   161.0  1015.0 Clouds          37800
    -26     130    30.0    35.0     6.9   167.0  1009.0 Clouds          37800
    -22     130    38.0    17.0     7.8    55.0  1001.0 Clouds          34200
    -18     130    34.0    29.0     6.0   128.0  1002.0 Clouds          34200
    -14     130    25.9    85.0     5.5   288.0  1004.0 Clouds          34200
    -10     130    27.9    82.0     8.6   279.0  1008.0 Clouds          32400
     -6     130    28.4    82.0     8.9   293.0  1009.0 Clouds          32400
     -2     130    26.1    87.0     3.1   321.0  1010.0 Clouds          32400
      2     130    27.9    76.0     4.2   359.0  1011.0 Clouds          32400
      6     130    28.2    75.0     4.4    80.0  1011.0 Clouds          32400
     10     130    28.0    76.0     6.6    58.0  1012.0 Clouds          32400
     14     130    26.8    80.0    11.3    58.0  1013.0 Clouds          32400
     18     130    23.9    70.0     8.1    67.0  1017.0 Clouds          32400
     22     130    20.7    68.0     3.6    85.0  1019.0 Clouds          32400
     26     130    20.6    77.0    12.1   236.0  1018.0 Clouds          32400
     30     130    12.6    58.0     9.0     4.0  1022.0 Clouds          32400
     34     130     8.0    43.0     4.9   279.0  1023.0 Clouds          32400
     38     130     3.1    42.0     6.5   296.0  1022.0 Clear           32400
     42     130    -5.0    42.0     5.4   312.0  1022.0 Clouds          32400
     46     130   -14.1    84.0     7.6   263.0  1023.0 Clouds          28800
     50     130   -23.3   100.0     1.4   316.0  1022.0 Clouds          32400
     54     130   -25.9    98.0     0.8   201.0  1024.0 Clouds          32400
     58     130   -32.8    97.0     3.3   339.0  1032.0 Clouds          32400
     62     130   -36.2    68.0     1.0    20.0  1034.0 Clouds          32400
     66     130   -24.4    93.0     1.9   272.0  1031.0 Clouds          32400
     70     130   -24.5    93.0     1.5   227.0  1031.0 Clouds          32400
     74     130   -26.7    96.0     5.3   124.0  1035.0 Clouds          32400
     78     130   -32.4    98.0     3.2   145.0  1038.0 Clouds          32400
     82     130   -35.1   100.0     3.0   185.0  1036.0 Clouds          32400
     86     130   -34.9   100.0     3.4   215.0  1033.0 Clouds          32400
     90     130   -21.1   100.0     0.0   107.0  1024.0 Clouds          0

    -90     135   -31.6    83.0     0.0    94.0  1002.0 Clouds          46800
    -86     135   -32.4    93.0     3.5   169.0  1002.0 Clouds          28800
    -82     135   -31.2    94.0     3.3   206.0  1002.0 Clouds          28800
    -78     135   -34.7    98.0     2.2   214.0  1006.0 Clouds          28800
    -74     135   -34.0    93.0     4.5   193.0  1003.0 Clouds          28800
    -70     135   -30.3    89.0     4.9   165.0   998.0 Clear           36000
    -66     135    -8.7    75.0     2.0   155.0   981.0 Clear           36000
    -62     135     2.4    86.0     7.5   286.0   985.0 Clouds          32400
    -58     135     3.7    89.0     3.5   224.0   991.0 Clouds          32400
    -54     135     5.3    80.0     8.8   224.0   993.0 Clouds          32400
    -50     135     7.1    68.0    14.0   237.0  1000.0 Rain            32400
    -46     135     9.8    62.0    14.7   240.0  1009.0 Clouds          32400
    -42     135    13.9    61.0    12.6   232.0  1015.0 Clouds          32400
    -38     135    15.9    71.0    10.3   191.0  1017.0 Clouds          32400
    -34     135    17.2    83.0    10.4   167.0  1015.0 Clouds          37800
    -30     135    31.6    31.0    13.1   199.0  1008.0 Clouds          37800
    -26     135    39.7    17.0     7.1   177.0  1003.0 Clouds          37800
    -22     135    34.8    20.0     6.9    76.0  1003.0 Clouds          34200
    -18     135    26.4    75.0     6.8    53.0  1004.0 Clouds          34200
    -14     135    27.7    76.0     4.4   331.0  1003.0 Rain            34200
    -10     135    28.0    84.0    10.7   296.0  1007.0 Clouds          32400
     -6     135    28.4    75.0    10.1   284.0  1009.0 Clouds          32400
     -2     135    28.9    73.0     6.3   360.0  1010.0 Clouds          32400
      2     135    28.6    71.0     6.3    24.0  1011.0 Clouds          32400
      6     135    28.4    66.0     5.9    44.0  1012.0 Clouds          32400
     10     135    28.2    67.0     6.1    64.0  1012.0 Clouds          32400
     14     135    26.8    80.0    10.6    68.0  1014.0 Clouds          32400
     18     135    24.2    73.0     9.0    63.0  1017.0 Clouds          32400
     22     135    20.9    65.0     5.2    60.0  1019.0 Clouds          32400
     26     135    17.8    59.0     2.5   171.0  1020.0 Clear           32400
     30     135    11.6    81.0     7.7   358.0  1021.0 Rain            32400
     34     135     8.0    53.0     7.2   336.0  1022.0 Clouds          32400
     38     135     2.7    62.0     7.2   318.0  1021.0 Clouds          32400
     42     135    -2.7    62.0     8.1   293.0  1017.0 Clouds          32400
     46     135   -15.2    98.0     1.2   220.0  1020.0 Snow            36000
     50     135   -20.5   100.0     1.2   332.0  1018.0 Clouds          36000
     54     135   -21.8    68.0     1.6   295.0  1019.0 Clouds          36000
     58     135   -34.0   100.0     1.3   279.0  1033.0 Clouds          36000
     62     135   -37.8   100.0     0.1   215.0  1034.0 Clouds          32400
     66     135   -35.4   100.0     0.8   149.0  1037.0 Clouds          36000
     70     135   -34.0   100.0     3.0   198.0  1035.0 Clouds          36000
     74     135   -27.9    99.0     4.6   114.0  1037.0 Clouds          32400
     78     135   -33.0   100.0     3.1   152.0  1039.0 Clouds          32400
     82     135   -33.9   100.0     3.0   191.0  1037.0 Clouds          32400
     86     135   -33.5   100.0     3.5   219.0  1033.0 Clouds          32400
     90     135   -21.1   100.0     0.0   107.0  1024.0 Clouds          0

    -90     140   -31.6    83.0     0.0    94.0  1002.0 Clouds          46800
    -86     140   -32.2    94.0     3.3   164.0  1002.0 Clouds          28800
    -82     140   -28.2    89.0     3.5   198.0   998.0 Clouds          28800
    -78     140   -29.4    95.0     2.9   205.0  1000.0 Clouds          28800
    -74     140   -31.9    95.0     5.1   191.0  1000.0 Clouds          28800
    -70     140   -29.4    91.0     6.6   185.0   995.0 Clouds          36000
    -66     140    -3.4    60.0     2.9   160.0   981.0 Clouds          36000
    -62     140     1.4    90.0     7.5   287.0   985.0 Clouds          32400
    -58     140     3.3    87.0     4.7   305.0   991.0 Clouds          32400
    -54     140     5.3    86.0     3.9   275.0   991.0 Rain            32400
    -50     140     7.9    69.0    13.3   254.0   995.0 Rain            32400
    -46     140    11.0    64.0    14.2   247.0  1004.0 Clouds          32400
    -42     140    13.7    69.0    11.9   231.0  1011.0 Clear           32400
    -38     140    16.1    81.0     7.0   193.0  1013.0 Clouds          32400
    -34     140    20.4    50.0    10.7   195.0  1009.0 Clouds          37800
    -30     140    42.3    13.0     5.3   319.0  1001.0 Clouds          37800
    -26     140    41.4    14.0     4.5    36.0  1003.0 Clear           37800
    -22     140    35.6    21.0     6.3    45.0  1004.0 Clear           36000
    -18     140    26.9    78.0     5.7    34.0  1006.0 Clouds          36000
    -14     140    28.4    72.0     5.5   327.0  1006.0 Clouds          32400
    -10     140    28.0    84.0     7.9   292.0  1008.0 Clouds          36000
     -6     140    24.0    98.0     1.6   231.0  1009.0 Clouds          32400
     -2     140    28.4    77.0     8.9   318.0  1011.0 Clouds          32400
      2     140    29.2    71.0     7.6     4.0  1011.0 Clouds          32400
      6     140    28.4    75.0     6.3    27.0  1011.0 Clouds          32400
     10     140    27.7    79.0     6.1    57.0  1012.0 Clouds          36000
     14     140    27.2    79.0    12.2    53.0  1013.0 Clouds          32400
     18     140    24.8    66.0     9.6    61.0  1017.0 Clear           32400
     22     140    21.0    65.0     5.9    55.0  1019.0 Clouds          32400
     26     140    18.2    54.0     2.1   347.0  1020.0 Clear           32400
     30     140    15.2    57.0     7.3   298.0  1020.0 Clouds          32400
     34     140     9.7    56.0    11.2   274.0  1018.0 Clouds          32400
     38     140    -2.4    92.0     4.5   278.0  1018.0 Snow            32400
     42     140    -0.5    74.0     9.0   288.0  1014.0 Snow            32400
     46     140    -2.9    55.0     4.5   320.0  1012.0 Clear           39600
     50     140   -14.9    95.0     1.8   269.0  1014.0 Clouds          36000
     54     140   -17.5    98.0     2.5   314.0  1015.0 Snow            36000
     58     140   -23.7    78.0     4.3   304.0  1023.0 Clouds          36000
     62     140   -23.4    70.0     2.4    51.0  1026.0 Clouds          32400
     66     140   -20.2    70.0     3.2    70.0  1029.0 Clouds          36000
     70     140   -22.0    89.0     4.1   174.0  1033.0 Clouds          36000
     74     140   -25.1   100.0     3.9   117.0  1039.0 Clouds          32400
     78     140   -33.2   100.0     2.7   164.0  1041.0 Clouds          32400
     82     140   -32.4    98.0     3.3   196.0  1038.0 Clouds          32400
     86     140   -33.7   100.0     3.7   225.0  1033.0 Clouds          32400
     90     140   -21.1   100.0     0.0   107.0  1024.0 Clouds          0

    -90     145   -31.6    83.0     0.0    94.0  1002.0 Clouds          46800
    -86     145   -31.8    93.0     3.2   154.0  1001.0 Clouds          28800
    -82     145   -25.1    85.0     4.0   192.0   995.0 Clouds          28800
    -78     145   -25.5    97.0     3.8   189.0   994.0 Clouds          28800
    -74     145   -24.3    93.0     6.5   190.0   988.0 Clouds          28800
    -70     145   -22.4    84.0     6.1   186.0   987.0 Clouds          36000
    -66     145    -3.4    83.0     2.6   234.0   979.0 Clouds          36000
    -62     145     2.0    87.0     9.8   276.0   985.0 Clouds          36000
    -58     145     3.4    87.0     5.1   303.0   992.0 Clouds          36000
    -54     145     5.7    80.0     5.1    16.0   993.0 Clouds          36000
    -50     145     7.6    87.0     7.2   340.0   995.0 Rain            36000
    -46     145    12.1    78.0    12.7   255.0  1001.0 Clouds          36000
    -42     145    15.7    71.0     5.4   256.0  1008.0 Clear           39600
    -38     145    19.4    86.0     1.3   111.0  1008.0 Clouds          39600
    -34     145    36.8    23.0    11.0   197.0  1000.0 Rain            39600
    -30     145    37.7    17.0     5.8   253.0  1002.0 Clouds          39600
    -26     145    37.3    16.0     3.1    79.0  1004.0 Clouds          36000
    -22     145    33.9    29.0     6.1    88.0  1005.0 Clear           36000
    -18     145    22.8    78.0     2.5    59.0  1009.0 Clouds          36000
    -14     145    26.0    82.0     3.0   287.0  1009.0 Clouds          36000
    -10     145    26.4    84.0     6.0   252.0  1010.0 Clouds          36000
     -6     145    16.9    98.0     0.8   175.0  1015.0 Clouds          36000
     -2     145    28.4    76.0     9.2   308.0  1010.0 Clouds          36000
      2     145    27.5    77.0    10.5     1.0  1011.0 Clouds          36000
      6     145    25.4    86.0     6.8    58.0  1012.0 Clouds          36000
     10     145    28.6    74.0     8.0    70.0  1012.0 Clouds          36000
     14     145    27.4    80.0     9.4    68.0  1013.0 Rain            36000
     18     145    24.8    70.0     9.6    50.0  1017.0 Clouds          36000
     22     145    21.1    61.0     6.2    17.0  1019.0 Clouds          36000
     26     145    18.6    58.0     5.5   329.0  1020.0 Clouds          36000
     30     145    15.3    61.0     9.9   302.0  1018.0 Clouds          36000
     34     145    10.2    55.0    10.0   329.0  1017.0 Clouds          36000
     38     145     4.5    44.0     8.9   294.0  1015.0 Clouds          36000
     42     145     1.2    63.0     4.5   248.0  1010.0 Clouds          36000
     46     145    -4.8    81.0     9.0   321.0  1007.0 Clouds          36000
     50     145    -9.2    90.0    11.9   325.0  1004.0 Snow            39600
     54     145    -6.1    59.0    13.4    15.0  1004.0 Snow            36000
     58     145    -8.0    72.0     8.7    35.0  1015.0 Clouds          36000
     62     145   -26.5    83.0     3.7   310.0  1031.0 Clouds          36000
     66     145   -37.1    99.0     0.8    63.0  1041.0 Clouds          39600
     70     145   -34.3   100.0     0.2    76.0  1037.0 Clouds          39600
     74     145   -31.2   100.0     3.0    92.0  1040.0 Clouds          36000
     78     145   -32.2   100.0     2.2   181.0  1042.0 Clouds          36000
     82     145   -33.0    99.0     3.4   203.0  1038.0 Clouds          36000
     86     145   -33.7   100.0     3.9   233.0  1033.0 Clouds          36000
     90     145   -21.1   100.0     0.0   107.0  1024.0 Clouds          0

    -90     150   -31.6    83.0     0.0    94.0  1002.0 Clouds          46800
    -86     150   -31.6    93.0     3.1   144.0  1001.0 Clouds          28800
    -82     150   -20.8    80.0     4.2   186.0   990.0 Clouds          28800
    -78     150   -22.4    97.0     5.8   169.0   989.0 Clouds          28800
    -74     150   -22.2    99.0     3.1   160.0   983.0 Clouds          28800
    -70     150   -17.9    91.0     4.2   167.0   982.0 Clouds          36000
    -66     150    -3.7    84.0     3.0   240.0   977.0 Clouds          36000
    -62     150     1.6    86.0    10.7   271.0   984.0 Clouds          36000
    -58     150     2.7    89.0     6.8   280.0   993.0 Clouds          36000
    -54     150     6.2    70.0     2.7   331.0   996.0 Clouds          36000
    -50     150     7.6    89.0     3.2    81.0   996.0 Rain            36000
    -46     150    14.2    88.0     9.3   313.0  1001.0 Clouds          36000
    -42     150    17.5    88.0     5.7    16.0  1004.0 Clear           36000
    -38     150    22.1    93.0     1.7   308.0  1006.0 Clouds          36000
    -34     150    19.3    69.0     2.0    25.0  1007.0 Rain            39600
    -30     150    24.6    59.0     3.6    62.0  1007.0 Clouds          39600
    -26     150    28.5    34.0     4.2   125.0  1007.0 Clouds          36000
    -22     150    27.2    71.0     8.6    96.0  1007.0 Clear           36000
    -18     150    27.4    72.0     4.9   157.0  1007.0 Clear           36000
    -14     150    28.3    70.0     5.9   256.0  1008.0 Clouds          36000
    -10     150    27.9    71.0     4.5   192.0  1008.0 Clouds          36000
     -6     150    23.4    95.0     1.9     1.0  1010.0 Clouds          36000
     -2     150    28.5    78.0     7.5   291.0  1009.0 Rain            36000
      2     150    26.7    83.0     3.5    55.0  1010.0 Rain            36000
      6     150    26.2    84.0     4.9    79.0  1011.0 Rain            36000
     10     150    27.9    72.0     8.9    70.0  1011.0 Clouds          36000
     14     150    27.4    80.0     8.8    56.0  1013.0 Rain            36000
     18     150    24.7    79.0     9.9    38.0  1016.0 Clouds          36000
     22     150    21.6    62.0     6.4   358.0  1019.0 Clouds          36000
     26     150    18.3    61.0     8.4   315.0  1019.0 Clouds          36000
     30     150    15.3    63.0    12.0   296.0  1016.0 Rain            36000
     34     150    10.4    66.0    12.4   311.0  1014.0 Rain            36000
     38     150     6.0    57.0     9.5   317.0  1010.0 Clouds          36000
     42     150     0.0    61.0    10.8   304.0  1007.0 Clouds          36000
     46     150    -4.9    91.0    10.6   297.0  1001.0 Snow            39600
     50     150    -3.4    51.0    11.9   316.0   995.0 Snow            36000
     54     150    -4.9    92.0     7.6   103.0   990.0 Snow            36000
     58     150    -9.2    66.0    12.0    46.0  1010.0 Clouds          36000
     62     150   -25.8   100.0     2.9    42.0  1031.0 Clouds          39600
     66     150   -26.2    94.0     5.3   305.0  1034.0 Clouds          39600
     70     150   -33.4   100.0     1.3    12.0  1037.0 Clouds          39600
     74     150   -30.6   100.0     3.1    57.0  1040.0 Clouds          36000
     78     150   -32.9   100.0     1.4   195.0  1042.0 Clouds          32400
     82     150   -34.2   100.0     3.2   215.0  1039.0 Clouds          36000
     86     150   -33.6    99.0     4.1   242.0  1033.0 Clouds          36000
     90     150   -21.1   100.0     0.0   107.0  1024.0 Clouds          0

    -90     155   -31.6    83.0     0.0    94.0  1002.0 Clouds          46800
    -86     155   -30.6    90.0     3.4   145.0   999.0 Clouds          28800
    -82     155   -20.0    83.0     2.0   155.0   988.0 Clouds          28800
    -78     155   -20.2    99.0     7.2   165.0   987.0 Clouds          28800
    -74     155   -26.3   100.0     1.4   104.0   987.0 Clouds          28800
    -70     155   -19.7   100.0     1.1   149.0   982.0 Clouds          36000
    -66     155    -2.4    82.0     2.8   273.0   976.0 Clouds          36000
    -62     155     1.3    87.0    11.5   281.0   983.0 Clouds          36000
    -58     155     3.2    88.0     8.5   259.0   992.0 Clouds          36000
    -54     155     6.4    68.0     5.8   268.0   998.0 Clouds          36000
    -50     155     9.6    83.0     7.2   341.0  1001.0 Rain            36000
    -46     155    14.5    93.0     6.1   341.0  1004.0 Clouds          36000
    -42     155    17.3    98.0     6.2   341.0  1005.0 Clouds          36000
    -38     155    20.5    89.0     6.6     6.0  1009.0 Clouds          36000
    -34     155    23.2    75.0     8.7    32.0  1009.0 Clouds          36000
    -30     155    23.8    77.0     6.8    48.0  1010.0 Clouds          36000
    -26     155    25.0    84.0     7.1   116.0  1008.0 Clouds          36000
    -22     155    26.5    74.0     4.2    98.0  1006.0 Clouds          36000
    -18     155    26.8    68.0     1.8   235.0  1006.0 Clear           36000
    -14     155    28.1    73.0     6.5   268.0  1007.0 Clear           36000
    -10     155    27.9    80.0     8.9   250.0  1009.0 Clouds          36000
     -6     155    19.5    90.0     0.9    48.0  1011.0 Clouds          39600
     -2     155    28.8    77.0     5.8   283.0  1010.0 Rain            36000
      2     155    27.9    76.0     5.3    64.0  1010.0 Rain            39600
      6     155    27.1    84.0     7.7   112.0  1011.0 Rain            36000
     10     155    27.4    83.0     8.7    70.0  1012.0 Rain            36000
     14     155    27.5    74.0     7.7    79.0  1013.0 Clouds          36000
     18     155    26.7    76.0     3.0    55.0  1015.0 Clear           36000
     22     155    22.3    64.0     6.6   353.0  1017.0 Clouds          36000
     26     155    19.7    68.0     8.6   301.0  1017.0 Clouds          32400
     30     155    16.6    60.0    13.9   284.0  1014.0 Clouds          36000
     34     155    12.1    64.0    15.3   286.0  1010.0 Rain            36000
     38     155     7.2    56.0    11.8   311.0  1005.0 Rain            36000
     42     155     2.9    60.0    10.1   299.0  1002.0 Rain            36000
     46     155    -0.7    71.0     9.6   279.0   998.0 Snow            36000
     50     155    -4.2    74.0     4.6   288.0   993.0 Snow            39600
     54     155    -5.1    69.0     9.6   116.0   994.0 Clouds          36000
     58     155    -4.7    67.0    19.6    52.0  1006.0 Clouds          36000
     62     155   -34.9   100.0     1.5     4.0  1031.0 Clouds          39600
     66     155   -24.6   100.0     2.5   341.0  1029.0 Clouds          39600
     70     155   -26.0    95.0     3.8   353.0  1034.0 Clouds          39600
     74     155   -29.9    99.0     3.6    39.0  1040.0 Clouds          36000
     78     155   -33.6   100.0     0.1   144.0  1043.0 Clouds          32400
     82     155   -34.5   100.0     3.0   227.0  1039.0 Clouds          36000
     86     155   -33.0    99.0     4.4   250.0  1033.0 Clouds          36000
     90     155   -21.1   100.0     0.0   107.0  1024.0 Clouds          0

    -90     160   -31.6    83.0     0.0    94.0  1002.0 Clouds          46800
    -86     160   -29.1    87.0     4.2   144.0   998.0 Clouds          28800
    -82     160   -13.7    72.0     2.1   233.0   986.0 Clouds          28800
    -78     160   -19.3    98.0     7.2   180.0   985.0 Snow            28800
    -74     160   -24.5   100.0     2.3   189.0   987.0 Clouds          28800
    -70     160   -11.6    70.0     3.9   243.0   979.0 Clouds          36000
    -66     160    -1.4    87.0     4.0   286.0   975.0 Clouds          36000
    -62     160     0.3    80.0     6.3   290.0   983.0 Clouds          39600
    -58     160     4.0    80.0     8.1   275.0   991.0 Clouds          39600
    -54     160     6.3    78.0     9.1   263.0   998.0 Clear           39600
    -50     160    10.1    73.0     6.6   284.0  1004.0 Clouds          39600
    -46     160    13.3    90.0     5.0   351.0  1008.0 Clear           39600
    -42     160    17.2    88.0     6.6   348.0  1010.0 Clear           39600
    -38     160    20.1    83.0     7.3    15.0  1012.0 Clouds          39600
    -34     160    21.0    69.0     4.3    61.0  1013.0 Clear           39600
    -30     160    23.3    68.0     4.5    98.0  1011.0 Clouds          39600
    -26     160    24.6    87.0     6.9    98.0  1009.0 Clear           39600
    -22     160    27.1    72.0     5.4    23.0  1007.0 Clear           39600
    -18     160    27.6    73.0     4.7     0.0  1007.0 Clear           39600
    -14     160    28.1    71.0     4.5   288.0  1008.0 Clear           39600
    -10     160    28.6    76.0     8.0   300.0  1008.0 Clouds          39600
     -6     160    28.1    80.0     3.5   307.0  1009.0 Rain            39600
     -2     160    28.9    70.0     2.0   331.0  1010.0 Clouds          39600
      2     160    26.9    83.0     5.4    61.0  1011.0 Rain            39600
      6     160    27.6    83.0     7.9    97.0  1011.0 Rain            39600
     10     160    27.8    80.0     9.3    78.0  1012.0 Rain            43200
     14     160    27.3    81.0     7.2    79.0  1013.0 Clouds          39600
     18     160    26.6    79.0     3.4   133.0  1015.0 Clouds          39600
     22     160    23.6    81.0     5.2    14.0  1016.0 Clouds          39600
     26     160    20.3    71.0     7.4   286.0  1016.0 Rain            39600
     30     160    17.4    65.0    12.4   268.0  1012.0 Clouds          39600
     34     160    13.5    62.0    12.2   279.0  1007.0 Rain            39600
     38     160     8.8    57.0    13.7   287.0  1002.0 Rain            39600
     42     160     4.0    59.0     8.1   300.0   999.0 Clouds          39600
     46     160     0.0    57.0     4.8   310.0   998.0 Clouds          39600
     50     160    -2.3    51.0     3.5   266.0   996.0 Clouds          39600
     54     160    -2.3    95.0    17.5    63.0   997.0 Snow            43200
     58     160   -15.3    75.0     3.8    86.0  1008.0 Clouds          43200
     62     160   -19.7    90.0     5.4    27.0  1017.0 Clouds          39600
     66     160   -28.6   100.0     1.0   354.0  1028.0 Clouds          43200
     70     160   -23.4    96.0     5.9    28.0  1031.0 Clouds          39600
     74     160   -28.5   100.0     3.9    32.0  1039.0 Clouds          39600
     78     160   -34.0   100.0     0.8     1.0  1043.0 Clear           39600
     82     160   -34.2   100.0     3.2   242.0  1040.0 Clouds          39600
     86     160   -32.1    98.0     4.9   257.0  1033.0 Clouds          39600
     90     160   -21.1   100.0     0.0   107.0  1024.0 Clouds          0

    -90     165   -31.6    83.0     0.0    94.0  1002.0 Clouds          46800
    -86     165   -28.1    85.0     4.7   137.0   997.0 Clouds          46800
    -82     165    -6.8    75.0     3.6   175.0   985.0 Clouds          46800
    -78     165    -4.2    78.0     3.4   192.0   980.0 Clouds          46800
    -74     165   -13.7    71.0     4.0   299.0   980.0 Clouds          46800
    -70     165    -3.6    91.0     3.4   102.0   978.0 Clouds          46800
    -66     165    -0.8    86.0     6.2   280.0   975.0 Clouds          39600
    -62     165     1.1    81.0     8.5   263.0   982.0 Clouds          39600
    -58     165     4.8    72.0     9.2   240.0   989.0 Clouds          39600
    -54     165     7.4    70.0    12.3   254.0   996.0 Clouds          39600
    -50     165    10.2    74.0     9.7   267.0  1005.0 Clouds          46800
    -46     165    14.6    84.0     8.3   307.0  1011.0 Clear           39600
    -42     165    16.4    82.0     3.8   343.0  1014.0 Clear           39600
    -38     165    18.5    79.0     3.5    40.0  1015.0 Clear           39600
    -34     165    20.4    73.0     5.4   103.0  1013.0 Clouds          39600
    -30     165    22.5    90.0     7.7   148.0  1010.0 Clouds          39600
    -26     165    24.8    83.0     1.7   149.0  1010.0 Clouds          39600
    -22     165    27.1    80.0     4.2   109.0  1009.0 Clouds          39600
    -18     165    27.5    81.0     4.7   105.0  1008.0 Clouds          39600
    -14     165    28.2    66.0     1.3   254.0  1008.0 Clouds          39600
    -10     165    28.9    77.0     6.2   292.0  1008.0 Clouds          39600
     -6     165    29.2    76.0     6.3   323.0  1009.0 Rain            39600
     -2     165    28.7    75.0     3.7    78.0  1010.0 Clouds          39600
      2     165    28.9    71.0     8.9    87.0  1010.0 Clouds          39600
      6     165    28.6    80.0     8.6    84.0  1011.0 Rain            39600
     10     165    27.5    82.0     9.3    77.0  1012.0 Clouds          39600
     14     165    26.9    77.0     7.3    91.0  1014.0 Clouds          39600
     18     165    26.3    78.0     4.6   115.0  1015.0 Clouds          39600
     22     165    24.8    87.0     4.2   213.0  1015.0 Rain            39600
     26     165    21.3    71.0     6.7   280.0  1015.0 Rain            39600
     30     165    17.1    68.0    10.1   277.0  1012.0 Clear           39600
     34     165    14.1    66.0    12.9   275.0  1007.0 Rain            39600
     38     165     9.3    60.0    14.8   270.0  1001.0 Rain            39600
     42     165     5.2    68.0    14.2   272.0   994.0 Clouds          39600
     46     165     2.9    63.0     6.5    79.0   997.0 Clouds          39600
     50     165     1.4    75.0     4.5   215.0   997.0 Clouds          39600
     54     165    -0.3    95.0    10.6    52.0   998.0 Snow            43200
     58     165    -4.4    64.0     8.6    48.0  1010.0 Clouds          39600
     62     165   -21.9    99.0     1.5    12.0  1018.0 Clouds          43200
     66     165   -31.3   100.0     1.7   204.0  1029.0 Clouds          43200
     70     165   -27.7   100.0     2.5    28.0  1030.0 Clouds          39600
     74     165   -26.9    99.0     4.2    28.0  1038.0 Clouds          39600
     78     165   -34.7   100.0     1.7    10.0  1042.0 Clouds          39600
     82     165   -35.3    99.0     3.1   249.0  1040.0 Clouds          39600
     86     165   -31.2    97.0     5.2   263.0  1033.0 Clouds          39600
     90     165   -21.1   100.0     0.0   107.0  1024.0 Clouds          0

    -90     170   -31.6    83.0     0.0    94.0  1002.0 Clouds          46800
    -86     170   -27.9    84.0     5.0   134.0   997.0 Clouds          46800
    -82     170    -7.5    75.0     6.7   161.0   984.0 Clouds          46800
    -78     170    -7.3    93.0    11.6   206.0   979.0 Snow            46800
    -74     170    -3.4    93.0     8.8   241.0   977.0 Snow            46800
    -70     170    -2.3    76.0     4.1    55.0   978.0 Clouds          46800
    -66     170    -0.2    69.0     5.0   288.0   976.0 Clouds          39600
    -62     170     2.2    87.0     7.3   263.0   981.0 Clouds          39600
    -58     170     5.8    75.0     7.5   241.0   985.0 Clouds          39600
    -54     170     7.6    73.0    13.1   256.0   993.0 Rain            46800
    -50     170    10.2    80.0    12.0   265.0  1003.0 Clouds          39600
    -46     170     8.9    85.0     1.4   328.0  1011.0 Clouds          46800
    -42     170    15.8    64.0     6.0   215.0  1014.0 Clouds          39600
    -38     170    17.1    68.0     2.3   172.0  1015.0 Clear           39600
    -34     170    20.2    91.0     7.5    99.0  1012.0 Clouds          39600
    -30     170    24.0    96.0     7.3    29.0  1008.0 Clouds          39600
    -26     170    25.7    83.0     2.5   302.0  1010.0 Clouds          39600
    -22     170    27.0    78.0     2.6    99.0  1009.0 Clouds          39600
    -18     170    28.3    78.0     6.2    85.0  1008.0 Clouds          39600
    -14     170    28.3    78.0     5.4   268.0  1008.0 Clouds          39600
    -10     170    27.9    81.0     6.3   271.0  1009.0 Clouds          39600
     -6     170    28.8    72.0     4.0   349.0  1010.0 Clouds          39600
     -2     170    29.0    77.0     6.7    60.0  1010.0 Clouds          43200
      2     170    28.3    75.0     8.9    74.0  1010.0 Clouds          39600
      6     170    28.4    80.0     8.2    74.0  1011.0 Clouds          43200
     10     170    27.4    85.0     8.6    76.0  1012.0 Clouds          43200
     14     170    26.3    84.0     8.0    70.0  1014.0 Clouds          43200
     18     170    26.1    79.0     4.9   107.0  1016.0 Clouds          39600
     22     170    25.2    83.0     4.3   183.0  1016.0 Clear           39600
     26     170    22.1    88.0     5.6   294.0  1014.0 Clouds          39600
     30     170    18.2    80.0     7.7   253.0  1011.0 Clouds          39600
     34     170    13.9    71.0    10.4   264.0  1007.0 Rain            39600
     38     170    10.7    63.0    13.4   273.0  1001.0 Rain            39600
     42     170     8.2    55.0    13.7   254.0   993.0 Clouds          39600
     46     170     4.1    88.0    10.8    44.0   995.0 Clouds          39600
     50     170     2.9    57.0     2.4   272.0  1000.0 Clouds          39600
     54     170     2.2    74.0     8.1   161.0  1000.0 Clouds          39600
     58     170     0.1    65.0    10.3   103.0  1008.0 Clouds          39600
     62     170   -26.4    93.0     2.4    20.0  1023.0 Clouds          43200
     66     170   -34.9   100.0     1.0    64.0  1030.0 Clouds          43200
     70     170   -25.6   100.0     4.0    48.0  1027.0 Clouds          43200
     74     170   -23.7   100.0     4.5    30.0  1036.0 Clouds          39600
     78     170   -34.0   100.0     2.2     9.0  1042.0 Clouds          39600
     82     170   -35.1    99.0     3.1   258.0  1039.0 Clouds          39600
     86     170   -30.4    98.0     5.4   268.0  1032.0 Clouds          39600
     90     170   -21.1   100.0     0.0   107.0  1024.0 Clouds          0

    -90     175   -31.6    83.0     0.0    94.0  1002.0 Clouds          46800
    -86     175   -29.0    86.0     3.9   103.0   998.0 Clouds          46800
    -82     175    -8.7    83.0     6.5   154.0   983.0 Clouds          46800
    -78     175    -6.9    95.0    10.2   192.0   975.0 Snow            46800
    -74     175    -2.5    85.0    12.0   214.0   973.0 Clouds          46800
    -70     175    -3.2    79.0     1.9   181.0   979.0 Clouds          46800
    -66     175    -0.5    72.0     7.7   254.0   976.0 Clouds          43200
    -62     175     3.1    79.0     6.7   270.0   980.0 Clouds          43200
    -58     175     6.3    66.0     5.7   257.0   983.0 Clouds          43200
    -54     175     7.5    80.0    11.2   264.0   990.0 Rain            43200
    -50     175    10.1    79.0    11.6   264.0  1001.0 Clear           43200
    -46     175    14.4    73.0     6.9   269.0  1009.0 Clouds          43200
    -42     175    16.0    84.0    12.7   329.0  1009.0 Clear           43200
    -38     175    16.5    96.0     1.3   263.0  1013.0 Clear           46800
    -34     175    21.4    80.0     3.8    92.0  1013.0 Clouds          43200
    -30     175    24.4    93.0     5.1    57.0  1012.0 Clear           43200
    -26     175    26.4    89.0     5.1    75.0  1010.0 Clouds          43200
    -22     175    27.0    87.0     3.9   148.0  1009.0 Clouds          43200
    -18     175    28.2    72.0     4.0   165.0  1008.0 Clouds          43200
    -14     175    28.7    70.0     1.5   225.0  1008.0 Clouds          43200
    -10     175    27.3    81.0     6.3   298.0  1009.0 Rain            43200
     -6     175    28.2    77.0     5.5    13.0  1010.0 Rain            43200
     -2     175    28.3    79.0     8.3    60.0  1010.0 Clouds          43200
      2     175    27.8    77.0     7.7    78.0  1011.0 Clouds          43200
      6     175    27.8    78.0     7.4    72.0  1012.0 Rain            43200
     10     175    27.3    79.0    10.4    72.0  1013.0 Clouds          43200
     14     175    26.4    85.0     8.0    83.0  1015.0 Clouds          43200
     18     175    25.9    76.0     4.4    98.0  1016.0 Clear           43200
     22     175    24.8    83.0     2.4   118.0  1017.0 Clear           43200
     26     175    22.9    87.0     6.9   219.0  1015.0 Clouds          43200
     30     175    18.7    86.0     6.3   268.0  1011.0 Rain            43200
     34     175    14.5    74.0    10.7   281.0  1007.0 Rain            43200
     38     175    12.0    62.0    15.6   276.0  1000.0 Clouds          43200
     42     175     9.0    87.0     7.3    74.0   986.0 Rain            43200
     46     175     5.3    83.0    11.5    78.0   994.0 Clouds          43200
     50     175     3.7    83.0     9.0   117.0  1002.0 Clouds          43200
     54     175     2.1    90.0    12.3   143.0  1007.0 Clouds          -36000
     58     175     2.2    80.0    10.9   144.0  1010.0 Clouds          43200
     62     175   -13.1    95.0     5.5    11.0  1019.0 Snow            43200
     66     175   -25.1    94.0     1.6   295.0  1026.0 Clear           43200
     70     175   -19.8   100.0     1.2    11.0  1027.0 Clouds          43200
     74     175   -19.4    98.0     4.9    26.0  1035.0 Clouds          43200
     78     175   -33.9   100.0     2.6    15.0  1041.0 Clear           43200
     82     175   -34.6   100.0     3.4   269.0  1039.0 Clouds          43200
     86     175   -29.4    98.0     5.6   272.0  1032.0 Clouds          43200
     90     175   -21.1   100.0     0.0   107.0  1024.0 Clouds          0

    -90     180   -31.6    83.0     0.0    94.0  1002.0 Clouds          46800
    -86     180   -28.2    86.0     4.6   134.0   997.0 Clouds          -43200
    -82     180    -9.6    84.0     6.1   149.0   982.0 Clouds          -43200
    -78     180    -1.6    98.0     2.4   110.0   972.0 Clouds          -43200
    -74     180    -0.2    89.0     5.2   193.0   969.0 Clouds          -43200
    -70     180    -1.9    70.0     9.5   231.0   977.0 Clouds          -43200
    -66     180     0.0    89.0     4.1    47.0   975.0 Snow            -43200
    -62     180     2.6    73.0     5.7   230.0   979.0 Clouds          -43200
    -58     180     5.6    72.0     5.5   213.0   981.0 Clouds          -43200
    -54     180     6.5    85.0    18.6   224.0   982.0 Rain            -43200
    -50     180    11.0    83.0    15.5   265.0   997.0 Rain            -43200
    -46     180    13.7    88.0     6.5   276.0  1008.0 Clouds          -43200
    -42     180    18.7    91.0     7.2   337.0  1010.0 Clear           -43200
    -38     180    20.3    85.0     8.1   341.0  1012.0 Clear           -43200
    -34     180    21.7    82.0     3.2    77.0  1013.0 Clouds          -43200
    -30     180    24.7    87.0     3.3    94.0  1012.0 Clear           46800
    -26     180    25.9    90.0     5.2   122.0  1010.0 Clouds          -43200
    -22     180    27.1    79.0     6.8   139.0  1008.0 Clouds          -43200
    -18     180    28.7    75.0     3.3   133.0  1007.0 Rain            43200
    -14     180    28.1    76.0     3.1   273.0  1008.0 Rain            43200
    -10     180    27.2    80.0     7.4   326.0  1009.0 Clouds          43200
     -6     180    25.8    82.0     8.4    11.0  1011.0 Rain            -43200
     -2     180    27.9    77.0     7.3    68.0  1011.0 Clouds          -43200
      2     180    27.4    79.0     5.6    81.0  1011.0 Clouds          -43200
      6     180    27.7    79.0    10.5    69.0  1012.0 Rain            -43200
     10     180    27.2    79.0    10.3    73.0  1013.0 Clouds          -43200
     14     180    26.3    82.0     7.9    91.0  1015.0 Clouds          -43200
     18     180    26.1    75.0     5.4   101.0  1017.0 Clouds          -43200
     22     180    24.5    80.0     3.0   138.0  1018.0 Rain            -43200
     26     180    22.7    78.0     6.4   223.0  1017.0 Clear           -43200
     30     180    18.6    89.0    10.2   223.0  1013.0 Rain            -43200
     34     180    15.7    85.0    11.1   254.0  1007.0 Rain            -43200
     38     180    12.0    77.0    18.9   253.0   998.0 Rain            -43200
     42     180     9.8    85.0     6.4   280.0   978.0 Clouds          -43200
     46     180     5.1    87.0    16.6    85.0   994.0 Rain            -43200
     50     180     2.8    73.0    12.0   105.0  1006.0 Clouds          -36000
     54     180     2.2    77.0    12.1   150.0  1012.0 Rain            -43200
     58     180     1.9    77.0     7.3   156.0  1015.0 Rain            -43200
     62     180    -3.0    89.0    11.8    99.0  1018.0 Snow            43200
     66     180   -28.9    94.0     1.9   325.0  1025.0 Clouds          -43200
     70     180   -20.4    95.0     4.3    41.0  1026.0 Clouds          -43200
     74     180   -18.0    89.0     5.0    33.0  1034.0 Clouds          -43200
     78     180   -33.9   100.0     2.6    16.0  1040.0 Clear           -43200
     82     180   -34.0    99.0     3.6   275.0  1038.0 Clouds          -43200
     86     180   -27.9    97.0     5.8   277.0  1031.0 Clouds          -43200
     90     180   -21.1   100.0     0.0   107.0  1024.0 Clouds          0

